practice_code,year,covid_year,sat_start,sat_end,register,list_size,copd_prevalence,lat,lon,n_lsoas,n_unique_lsoas,wy_patients,total_wy_patients,image_path,image_std,elevation_lsoa_weighted,ndvi_lsoa_weighted,evi_lsoa_weighted,no2_lsoa_weighted,pm25_lsoa_weighted,lst_lsoa_weighted,pop_lsoa_weighted
B82004,2019-20,0,2019-04-01,2020-03-31,151.0,10318,1.46,53.95679377410468,-1.7183322314049587,9.0,9,363.0,363,/content/drive/MyDrive/wy_images/B82004_2019_20.png,15.094922202187368,249.4,0.7297,0.4609169846012411,84.86,0.1684860929,2.26,2.24
B82004,2020-21,1,2020-04-01,2021-03-31,162.0,10494,1.54,53.95679377410468,-1.7183322314049587,9.0,9,363.0,363,/content/drive/MyDrive/wy_images/B82004_2020_21.png,16.24656738190621,249.4,0.7337,0.461192300620547,80.66,0.1649911597,-4.1,2.33
B82004,2021-22,0,2021-04-01,2022-03-31,148.0,10752,1.38,53.95679377410468,-1.7183322314049587,9.0,9,363.0,363,/content/drive/MyDrive/wy_images/B82004_2021_22.png,14.397470313046334,249.4,0.7024,0.4736916478970351,92.12,0.1563762814,3.72,2.36
B82004,2022-23,0,2022-04-01,2023-03-31,138.0,10926,1.26,53.95679377410468,-1.7183322314049587,9.0,9,363.0,363,/content/drive/MyDrive/wy_images/B82004_2022_23.png,15.73240384650973,249.4,0.716,0.4669005194208228,89.69,0.1343854525,-3.2,2.53
B82004,2023-24,0,2023-04-01,2024-03-31,133.0,10903,1.22,53.95679377410468,-1.7183322314049587,9.0,9,363.0,363,/content/drive/MyDrive/wy_images/B82004_2023_24.png,17.96734620581863,249.4,0.7396,0.4682587451160653,89.33,0.1658782793,6.14,2.56
B82012,2019-20,0,2019-04-01,2020-03-31,171.0,13912,1.23,53.95035927337279,-1.5360090153846155,12.0,12,4225.0,4225,/content/drive/MyDrive/wy_images/B82012_2019_20.png,15.178468409811096,108.1,0.6967,0.4570992691335325,89.64,0.1594073820999999,5.22,10.93
B82012,2020-21,1,2020-04-01,2021-03-31,176.0,14228,1.24,53.95035927337279,-1.5360090153846155,12.0,12,4225.0,4225,/content/drive/MyDrive/wy_images/B82012_2020_21.png,18.611807561537024,108.1,0.6726,0.4379189197885543,84.58,0.1577499488,-1.33,10.95
B82012,2021-22,0,2021-04-01,2022-03-31,165.0,14625,1.13,53.95035927337279,-1.5360090153846155,12.0,12,4225.0,4225,/content/drive/MyDrive/wy_images/B82012_2021_22.png,15.459502816374812,108.1,0.6376,0.4722600045966444,96.75,0.1587042108,7.99,10.93
B82012,2022-23,0,2022-04-01,2023-03-31,179.0,14792,1.21,53.95035927337279,-1.5360090153846155,12.0,12,4225.0,4225,/content/drive/MyDrive/wy_images/B82012_2022_23.png,15.798057510982838,108.1,0.6382,0.4219322362675247,97.05,0.135108259,-4.84,10.87
B82012,2023-24,0,2023-04-01,2024-03-31,171.0,14996,1.14,53.95035927337279,-1.5360090153846155,12.0,12,4225.0,4225,/content/drive/MyDrive/wy_images/B82012_2023_24.png,19.723087686887297,108.1,0.7107,0.4646429280625144,92.69,0.1742594874999999,1.91,10.86
B82013,2019-20,0,2019-04-01,2020-03-31,364.0,19952,1.82,53.954800167464114,-1.5696383492822965,16.0,16,418.0,418,/content/drive/MyDrive/wy_images/B82013_2019_20.png,18.4686298641094,143.3,0.6635,0.4543828177430474,89.85,0.1553486738,7.68,17.78
B82013,2020-21,1,2020-04-01,2021-03-31,359.0,19672,1.82,53.954800167464114,-1.5696383492822965,16.0,16,418.0,418,/content/drive/MyDrive/wy_images/B82013_2020_21.png,22.65210538150699,143.3,0.6401,0.4306322224775913,85.67,0.1568765086,-0.89,17.58
B82013,2021-22,0,2021-04-01,2022-03-31,356.0,19497,1.83,53.954800167464114,-1.5696383492822965,16.0,16,418.0,418,/content/drive/MyDrive/wy_images/B82013_2021_22.png,15.5849745807484,143.3,0.6118,0.4585676212364973,97.87,0.1609554616,7.31,17.36
B82013,2022-23,0,2022-04-01,2023-03-31,376.0,19769,1.9,53.954800167464114,-1.5696383492822965,16.0,16,418.0,418,/content/drive/MyDrive/wy_images/B82013_2022_23.png,15.92104567967115,143.3,0.6096,0.4248872948747415,96.39,0.1389345745,-3.54,17.26
B82013,2023-24,0,2023-04-01,2024-03-31,381.0,20122,1.89,53.954800167464114,-1.5696383492822965,16.0,16,418.0,418,/content/drive/MyDrive/wy_images/B82013_2023_24.png,18.609405831831364,143.3,0.6577,0.4500878878418753,94.08,0.1714186834999999,2.56,17.24
B82014,2019-20,0,2019-04-01,2020-03-31,106.0,6708,1.58,53.952850608695655,-1.5535491304347826,8.0,8,115.0,115,/content/drive/MyDrive/wy_images/B82014_2019_20.png,19.43446631487944,130.1,0.6327,0.4452239715008044,89.88,0.1564329063,5.33,16.12
B82014,2020-21,1,2020-04-01,2021-03-31,107.0,6645,1.61,53.952850608695655,-1.5535491304347826,8.0,8,115.0,115,/content/drive/MyDrive/wy_images/B82014_2020_21.png,24.80966733525569,130.1,0.6105,0.4184265456216961,85.54,0.1577646268999999,0.03,16.01
B82014,2021-22,0,2021-04-01,2022-03-31,106.0,6694,1.58,53.952850608695655,-1.5535491304347826,8.0,8,115.0,115,/content/drive/MyDrive/wy_images/B82014_2021_22.png,16.67484426251289,130.1,0.5739,0.4390018294644909,97.51,0.1611112945,7.89,15.92
B82014,2022-23,0,2022-04-01,2023-03-31,105.0,6738,1.56,53.952850608695655,-1.5535491304347826,8.0,8,115.0,115,/content/drive/MyDrive/wy_images/B82014_2022_23.png,17.409599083788102,130.1,0.5793,0.4088271937485635,96.0,0.1323460260999999,-5.37,15.9
B82014,2023-24,0,2023-04-01,2024-03-31,109.0,6834,1.59,53.952850608695655,-1.5535491304347826,8.0,8,115.0,115,/content/drive/MyDrive/wy_images/B82014_2023_24.png,17.403196119595098,130.1,0.6279,0.4301917168467019,93.38,0.1678937702,2.05,16.06
B82016,2019-20,0,2019-04-01,2020-03-31,137.0,7757,1.77,53.95893597826087,-1.5560589130434783,6.0,6,184.0,184,/content/drive/MyDrive/wy_images/B82016_2019_20.png,15.30497128464891,128.5,0.6403,0.4498492806251437,89.62,0.1558550123,7.12,19.34
B82016,2020-21,1,2020-04-01,2021-03-31,146.0,7637,1.91,53.95893597826087,-1.5560589130434783,6.0,6,184.0,184,/content/drive/MyDrive/wy_images/B82016_2020_21.png,16.420539488695503,128.5,0.6157,0.4196195817053551,85.46,0.156103477,-0.13,19.27
B82016,2021-22,0,2021-04-01,2022-03-31,149.0,7862,1.9,53.95893597826087,-1.5560589130434783,6.0,6,184.0,184,/content/drive/MyDrive/wy_images/B82016_2021_22.png,14.74721845816918,128.5,0.5849,0.442085368880717,97.38,0.1615270109,7.75,19.24
B82016,2022-23,0,2022-04-01,2023-03-31,144.0,8132,1.77,53.95893597826087,-1.5560589130434783,6.0,6,184.0,184,/content/drive/MyDrive/wy_images/B82016_2022_23.png,15.513904352122568,128.5,0.5803,0.4129385796368651,96.36,0.1365266472,-4.52,19.21
B82016,2023-24,0,2023-04-01,2024-03-31,150.0,8340,1.8,53.95893597826087,-1.5560589130434783,6.0,6,184.0,184,/content/drive/MyDrive/wy_images/B82016_2023_24.png,16.849469770425095,128.5,0.6337,0.4370562629280625,93.65,0.1687308685,2.58,19.24
B82026,2019-20,0,2019-04-01,2020-03-31,759.0,32536,2.33,53.93067752380953,-1.2927150476190474,13.0,13,105.0,105,/content/drive/MyDrive/wy_images/B82026_2019_20.png,20.98439713990393,38.4,0.5576,0.4063677039760974,96.09,0.1454478739,7.39,12.17
B82026,2020-21,1,2020-04-01,2021-03-31,738.0,32836,2.25,53.93067752380953,-1.2927150476190474,13.0,13,105.0,105,/content/drive/MyDrive/wy_images/B82026_2020_21.png,28.3096195946363,38.4,0.5339,0.3782487612043208,89.97,0.155355475,2.7,12.11
B82026,2021-22,0,2021-04-01,2022-03-31,710.0,33266,2.13,53.93067752380953,-1.2927150476190474,13.0,13,105.0,105,/content/drive/MyDrive/wy_images/B82026_2021_22.png,17.681780765646188,38.4,0.5645,0.3892797563778442,100.88,0.1512880272,6.36,12.16
B82026,2022-23,0,2022-04-01,2023-03-31,712.0,33349,2.13,53.93067752380953,-1.2927150476190474,13.0,13,105.0,105,/content/drive/MyDrive/wy_images/B82026_2022_23.png,24.814835724518787,38.4,0.5671,0.3765234474833371,98.66,0.1399607437999999,-9.9,12.15
B82026,2023-24,0,2023-04-01,2024-03-31,704.0,32972,2.14,53.93067752380953,-1.2927150476190474,13.0,13,105.0,105,/content/drive/MyDrive/wy_images/B82026_2023_24.png,15.868671984833682,38.4,0.595,0.4071936520340151,94.49,0.1867498986,7.16,12.14
B82027,2019-20,0,2019-04-01,2020-03-31,315.0,15129,2.08,53.9572939009901,-1.5622624554455449,9.0,9,505.0,505,/content/drive/MyDrive/wy_images/B82027_2019_20.png,18.38794053188853,139.6,0.6549,0.4522904159963227,89.61,0.1559496858,7.08,17.84
B82027,2020-21,1,2020-04-01,2021-03-31,312.0,14833,2.1,53.9572939009901,-1.5622624554455449,9.0,9,505.0,505,/content/drive/MyDrive/wy_images/B82027_2020_21.png,21.627495319007885,139.6,0.6302,0.4257315973339462,85.35,0.1564519819,-0.43,17.78
B82027,2021-22,0,2021-04-01,2022-03-31,292.0,14730,1.98,53.9572939009901,-1.5622624554455449,9.0,9,505.0,505,/content/drive/MyDrive/wy_images/B82027_2021_22.png,15.382073711545276,139.6,0.5984,0.449647382210986,97.32,0.1610418187,7.67,17.7
B82027,2022-23,0,2022-04-01,2023-03-31,274.0,14522,1.89,53.9572939009901,-1.5622624554455449,9.0,9,505.0,505,/content/drive/MyDrive/wy_images/B82027_2022_23.png,16.306790976742068,139.6,0.595,0.4175822431624914,96.36,0.1369003279,-4.34,17.67
B82027,2023-24,0,2023-04-01,2024-03-31,278.0,14196,1.96,53.9572939009901,-1.5622624554455449,9.0,9,505.0,505,/content/drive/MyDrive/wy_images/B82027_2023_24.png,18.16348766002225,139.6,0.6495,0.4445632130544702,93.54,0.1701207898,2.43,17.59
B82031,2019-20,0,2019-04-01,2020-03-31,164.0,9941,1.65,53.82063283955683,-1.267831981945014,10.0,10,2437.0,2437,/content/drive/MyDrive/wy_images/B82031_2019_20.png,15.034236345557437,27.1,0.5344,0.3683006757067341,102.7,0.1509449903,4.88,6.32
B82031,2020-21,1,2020-04-01,2021-03-31,162.0,10248,1.58,53.82063283955683,-1.267831981945014,10.0,10,2437.0,2437,/content/drive/MyDrive/wy_images/B82031_2020_21.png,24.74043924352681,27.1,0.5413,0.3606468903700299,94.47,0.1636399541,-0.26,6.61
B82031,2021-22,0,2021-04-01,2022-03-31,160.0,10636,1.5,53.82063283955683,-1.267831981945014,10.0,10,2437.0,2437,/content/drive/MyDrive/wy_images/B82031_2021_22.png,15.75315286902812,27.1,0.5708,0.3911335509078373,111.25,0.1524360092,5.77,6.92
B82031,2022-23,0,2022-04-01,2023-03-31,152.0,10816,1.41,53.82063283955683,-1.267831981945014,10.0,10,2437.0,2437,/content/drive/MyDrive/wy_images/B82031_2022_23.png,19.903544945018123,27.1,0.5449,0.3484228591128476,103.56,0.1490221896999999,-2.67,7.03
B82031,2023-24,0,2023-04-01,2024-03-31,164.0,10877,1.51,53.82063283955683,-1.267831981945014,10.0,10,2437.0,2437,/content/drive/MyDrive/wy_images/B82031_2023_24.png,18.05729815059476,27.1,0.6229,0.4110664307055849,103.24,0.18472915,6.37,7.12
B82053,2019-20,0,2019-04-01,2020-03-31,198.0,12831,1.54,53.946527928311696,-2.0115632976623377,52.0,52,9625.0,9625,/content/drive/MyDrive/wy_images/B82053_2019_20.png,39.50787515435799,158.9,0.7166,0.5180909446104345,88.32,0.1785181297,2.13,8.77
B82053,2020-21,1,2020-04-01,2021-03-31,202.0,13013,1.55,53.946527928311696,-2.0115632976623377,52.0,52,9625.0,9625,/content/drive/MyDrive/wy_images/B82053_2020_21.png,41.15164027265377,158.9,0.7078,0.453006237646518,83.03,0.1695476911,-3.63,8.65
B82053,2021-22,0,2021-04-01,2022-03-31,205.0,13515,1.52,53.946527928311696,-2.0115632976623377,52.0,52,9625.0,9625,/content/drive/MyDrive/wy_images/B82053_2021_22.png,40.54776068961214,158.9,0.6629,0.4529511744426568,94.8,0.1683732901,4.5,8.58
B82053,2022-23,0,2022-04-01,2023-03-31,220.0,14218,1.55,53.946527928311696,-2.0115632976623377,52.0,52,9625.0,9625,/content/drive/MyDrive/wy_images/B82053_2022_23.png,40.24295150816724,158.9,0.6678,0.4363404412778672,87.34,0.1336364215,-0.32,8.42
B82053,2023-24,0,2023-04-01,2024-03-31,228.0,14777,1.54,53.946527928311696,-2.0115632976623377,52.0,52,9625.0,9625,/content/drive/MyDrive/wy_images/B82053_2023_24.png,40.367061844413406,158.9,0.689,0.4523271247988967,92.76,0.1621031313,4.41,8.42
B82059,2019-20,0,2019-04-01,2020-03-31,266.0,10866,2.45,53.94555261627907,-1.5905264534883718,20.0,20,172.0,172,/content/drive/MyDrive/wy_images/B82059_2019_20.png,14.733223511371715,163.8,0.629,0.4478119420822799,90.16,0.1563499659,6.73,18.71
B82059,2020-21,1,2020-04-01,2021-03-31,274.0,10892,2.52,53.94555261627907,-1.5905264534883718,20.0,20,172.0,172,/content/drive/MyDrive/wy_images/B82059_2020_21.png,17.562961465359663,163.8,0.6106,0.4180227487933808,85.86,0.1576835524,-0.15,18.72
B82059,2021-22,0,2021-04-01,2022-03-31,256.0,10898,2.35,53.94555261627907,-1.5905264534883718,20.0,20,172.0,172,/content/drive/MyDrive/wy_images/B82059_2021_22.png,15.157595423865349,163.8,0.5839,0.4401948655481498,98.23,0.1619854624,7.39,18.59
B82059,2022-23,0,2022-04-01,2023-03-31,264.0,10988,2.4,53.94555261627907,-1.5905264534883718,20.0,20,172.0,172,/content/drive/MyDrive/wy_images/B82059_2022_23.png,16.07605433411955,163.8,0.5818,0.4182430016088255,96.24,0.135772404,-4.77,18.59
B82059,2023-24,0,2023-04-01,2024-03-31,262.0,11026,2.38,53.94555261627907,-1.5905264534883718,20.0,20,172.0,172,/content/drive/MyDrive/wy_images/B82059_2023_24.png,17.24344931754552,163.8,0.632,0.4379923373937026,94.1,0.1682811905,3.12,18.45
B82060,2019-20,0,2019-04-01,2020-03-31,286.0,12217,2.34,53.94483588785047,-1.5297934579439254,16.0,16,107.0,107,/content/drive/MyDrive/wy_images/B82060_2019_20.png,14.29712947152156,104.7,0.6304,0.4357714548379683,90.86,0.1541768035,3.53,13.62
B82060,2020-21,1,2020-04-01,2021-03-31,271.0,12362,2.19,53.94483588785047,-1.5297934579439254,16.0,16,107.0,107,/content/drive/MyDrive/wy_images/B82060_2020_21.png,17.444195433980322,104.7,0.6259,0.4282828591128476,85.57,0.1619419939,0.22,13.65
B82060,2021-22,0,2021-04-01,2022-03-31,264.0,12700,2.08,53.94483588785047,-1.5297934579439254,16.0,16,107.0,107,/content/drive/MyDrive/wy_images/B82060_2021_22.png,15.46734453231094,104.7,0.5911,0.4528043392323604,97.63,0.1594054066,7.58,13.49
B82060,2022-23,0,2022-04-01,2023-03-31,254.0,12719,2.0,53.94483588785047,-1.5297934579439254,16.0,16,107.0,107,/content/drive/MyDrive/wy_images/B82060_2022_23.png,15.888727686434155,104.7,0.5978,0.4073404872443116,95.29,0.1275879993,-6.79,13.5
B82060,2023-24,0,2023-04-01,2024-03-31,254.0,12821,1.98,53.94483588785047,-1.5297934579439254,16.0,16,107.0,107,/content/drive/MyDrive/wy_images/B82060_2023_24.png,19.05503471835712,104.7,0.6602,0.4559980050563088,92.33,0.1684522833999999,2.05,13.47
B82073,2019-20,0,2019-04-01,2020-03-31,204.0,10048,2.03,53.790134819369726,-1.3232161798616446,74.0,74,2602.0,2602,/content/drive/MyDrive/wy_images/B82073_2019_20.png,22.69726158655481,58.9,0.5321,0.3753487658009653,104.51,0.1515605025,4.21,7.01
B82073,2020-21,1,2020-04-01,2021-03-31,214.0,10111,2.12,53.790134819369726,-1.3232161798616446,74.0,74,2602.0,2602,/content/drive/MyDrive/wy_images/B82073_2020_21.png,30.408898627752503,58.9,0.5524,0.3717513031487014,96.27,0.1620711348,-1.37,7.09
B82073,2021-22,0,2021-04-01,2022-03-31,208.0,10320,2.02,53.790134819369726,-1.3232161798616446,74.0,74,2602.0,2602,/content/drive/MyDrive/wy_images/B82073_2021_22.png,23.800094983325955,58.9,0.5894,0.405339857504022,113.74,0.1527506314,6.66,7.17
B82073,2022-23,0,2022-04-01,2023-03-31,204.0,10476,1.95,53.790134819369726,-1.3232161798616446,74.0,74,2602.0,2602,/content/drive/MyDrive/wy_images/B82073_2022_23.png,24.332312795224063,58.9,0.5675,0.3634918225695243,105.98,0.1445912085,-3.07,6.99
B82073,2023-24,0,2023-04-01,2024-03-31,195.0,10696,1.82,53.790134819369726,-1.3232161798616446,74.0,74,2602.0,2602,/content/drive/MyDrive/wy_images/B82073_2023_24.png,22.961264896212327,58.9,0.6187,0.4056702367271891,105.13,0.1841488928,7.02,6.92
B82091,2019-20,0,2019-04-01,2020-03-31,96.0,7259,1.32,53.96005619047618,-1.5528663095238096,5.0,5,252.0,252,/content/drive/MyDrive/wy_images/B82091_2019_20.png,15.041463680235967,126.2,0.6458,0.4508037094920708,89.67,0.1561785687,6.86,17.65
B82091,2020-21,1,2020-04-01,2021-03-31,92.0,7691,1.2,53.96005619047618,-1.5528663095238096,5.0,5,252.0,252,/content/drive/MyDrive/wy_images/B82091_2020_21.png,16.504609369900557,126.2,0.6212,0.4219322362675247,85.41,0.1563383554,-0.2,17.95
B82091,2021-22,0,2021-04-01,2022-03-31,94.0,7782,1.21,53.96005619047618,-1.5528663095238096,5.0,5,252.0,252,/content/drive/MyDrive/wy_images/B82091_2021_22.png,14.668052291811303,126.2,0.5859,0.442672709721903,97.32,0.1614142025999999,7.78,18.72
B82091,2022-23,0,2022-04-01,2023-03-31,99.0,7833,1.26,53.96005619047618,-1.5528663095238096,5.0,5,252.0,252,/content/drive/MyDrive/wy_images/B82091_2022_23.png,15.51891215408324,126.2,0.582,0.4137278188922087,96.39,0.1362844794999999,-4.66,18.61
B82091,2023-24,0,2023-04-01,2024-03-31,93.0,7842,1.19,53.96005619047618,-1.5528663095238096,5.0,5,252.0,252,/content/drive/MyDrive/wy_images/B82091_2023_24.png,16.839183367813227,126.2,0.6366,0.4383043622155826,93.57,0.1689345324,2.58,18.46
B82105,2019-20,0,2019-04-01,2020-03-31,182.0,8920,2.04,53.87549532513181,-1.2764516564147628,17.0,17,6828.0,6828,/content/drive/MyDrive/wy_images/B82105_2019_20.png,14.351036764292257,27.0,0.5472,0.3787076212364973,99.63,0.1469843109999999,5.15,4.64
B82105,2020-21,1,2020-04-01,2021-03-31,182.0,8981,2.03,53.87549532513181,-1.2764516564147628,17.0,17,6828.0,6828,/content/drive/MyDrive/wy_images/B82105_2020_21.png,18.77954463837379,27.0,0.5839,0.3747614249597794,91.86,0.1538836982999999,2.76,4.61
B82105,2021-22,0,2021-04-01,2022-03-31,183.0,9017,2.03,53.87549532513181,-1.2764516564147628,17.0,17,6828.0,6828,/content/drive/MyDrive/wy_images/B82105_2021_22.png,15.557754291416469,27.0,0.5918,0.3720816823718685,103.21,0.153587003,5.25,4.51
B82105,2022-23,0,2022-04-01,2023-03-31,181.0,9173,1.97,53.87549532513181,-1.2764516564147628,17.0,17,6828.0,6828,/content/drive/MyDrive/wy_images/B82105_2022_23.png,18.81450910275825,27.0,0.555,0.3522038657779821,100.27,0.1398975011,-6.8,4.48
B82105,2023-24,0,2023-04-01,2024-03-31,193.0,9355,2.06,53.87549532513181,-1.2764516564147628,17.0,17,6828.0,6828,/content/drive/MyDrive/wy_images/B82105_2023_24.png,16.44381398193353,27.0,0.6305,0.4057803631349115,98.62,0.1857858436999999,6.78,4.49
B83002,2019-20,0,2019-04-01,2020-03-31,62.0,5088,1.22,53.924985549023326,-1.817652562108856,74.0,74,5273.0,5273,/content/drive/MyDrive/wy_images/B83002_2019_20.png,25.09213401491613,134.7,0.7187,0.4643676120432085,88.26,0.1815482573,-0.06,11.66
B83002,2020-21,1,2020-04-01,2021-03-31,55.0,5068,1.09,53.924985549023326,-1.817652562108856,74.0,74,5273.0,5273,/content/drive/MyDrive/wy_images/B83002_2020_21.png,25.71364970084265,134.7,0.7283,0.4490233325672259,83.16,0.1668008109,-3.14,11.7
B83002,2021-22,0,2021-04-01,2022-03-31,55.0,5100,1.08,53.924985549023326,-1.817652562108856,74.0,74,5273.0,5273,/content/drive/MyDrive/wy_images/B83002_2021_22.png,25.423473373126324,134.7,0.7275,0.5053346357159274,95.1,0.1618428018,5.56,11.66
B83002,2022-23,0,2022-04-01,2023-03-31,58.0,5303,1.09,53.924985549023326,-1.817652562108856,74.0,74,5273.0,5273,/content/drive/MyDrive/wy_images/B83002_2022_23.png,27.908665108536912,134.7,0.7178,0.4559612962537347,91.22,0.126961478,-1.59,11.75
B83002,2023-24,0,2023-04-01,2024-03-31,60.0,5374,1.12,53.924985549023326,-1.817652562108856,74.0,74,5273.0,5273,/content/drive/MyDrive/wy_images/B83002_2023_24.png,26.453874464774547,134.7,0.7654,0.4710119053091244,93.58,0.1701224513999999,5.91,11.76
B83005,2019-20,0,2019-04-01,2020-03-31,130.0,6896,1.89,53.79830918241696,-1.7141264261168383,98.0,98,6984.0,6984,/content/drive/MyDrive/wy_images/B83005_2019_20.png,29.91978691158036,180.1,0.5278,0.4124063019995403,102.0,0.1684083494,2.99,30.72
B83005,2020-21,1,2020-04-01,2021-03-31,129.0,6942,1.86,53.79830918241696,-1.7141264261168383,98.0,98,6984.0,6984,/content/drive/MyDrive/wy_images/B83005_2020_21.png,30.54112544508076,180.1,0.4674,0.336382371868536,93.48,0.1756926013,-7.4,30.58
B83005,2021-22,0,2021-04-01,2022-03-31,132.0,6851,1.93,53.79830918241696,-1.7141264261168383,98.0,98,6984.0,6984,/content/drive/MyDrive/wy_images/B83005_2021_22.png,30.65687368516954,180.1,0.4359,0.3784139508159044,116.72,0.1612648475999999,5.22,30.6
B83005,2022-23,0,2022-04-01,2023-03-31,127.0,6985,1.82,53.79830918241696,-1.7141264261168383,98.0,98,6984.0,6984,/content/drive/MyDrive/wy_images/B83005_2022_23.png,30.229811664062584,180.1,0.4245,0.3372450287290278,105.66,0.1418485997,1.39,30.68
B83005,2023-24,0,2023-04-01,2024-03-31,127.0,7095,1.79,53.79830918241696,-1.7141264261168383,98.0,98,6984.0,6984,/content/drive/MyDrive/wy_images/B83005_2023_24.png,28.11970115057136,180.1,0.4899,0.3708519374856355,104.41,0.1749181543,2.95,30.55
B83008,2019-20,0,2019-04-01,2020-03-31,294.0,12064,2.44,53.869076884580245,-1.9117868449903563,80.0,80,19702.0,19702,/content/drive/MyDrive/wy_images/B83008_2019_20.png,30.871433664246403,147.8,0.5888,0.4318436129625373,92.94,0.1744748511,1.92,20.5
B83008,2020-21,1,2020-04-01,2021-03-31,333.0,12210,2.73,53.869076884580245,-1.9117868449903563,80.0,80,19702.0,19702,/content/drive/MyDrive/wy_images/B83008_2020_21.png,32.434023367998805,147.8,0.5914,0.4354410756148011,84.94,0.1703145995,-2.76,20.59
B83008,2021-22,0,2021-04-01,2022-03-31,357.0,19398,1.84,53.869076884580245,-1.9117868449903563,80.0,80,19702.0,19702,/content/drive/MyDrive/wy_images/B83008_2021_22.png,31.893867813248107,147.8,0.5241,0.412020859572512,98.76,0.1607332863,5.75,21.97
B83008,2022-23,0,2022-04-01,2023-03-31,363.0,19706,1.84,53.869076884580245,-1.9117868449903563,80.0,80,19702.0,19702,/content/drive/MyDrive/wy_images/B83008_2022_23.png,34.44606823664345,147.8,0.523,0.3973924017467249,91.93,0.1318746151,0.22,22.02
B83008,2023-24,0,2023-04-01,2024-03-31,368.0,20019,1.84,53.869076884580245,-1.9117868449903563,80.0,80,19702.0,19702,/content/drive/MyDrive/wy_images/B83008_2023_24.png,33.486828976234435,147.8,0.5762,0.417472116754769,94.68,0.1787589488,7.45,22.09
B83009,2019-20,0,2019-04-01,2020-03-31,380.0,10430,3.64,53.75253492275738,-1.7803589536544202,231.0,231,15406.0,15406,/content/drive/MyDrive/wy_images/B83009_2019_20.png,18.48366228813932,182.4,0.6075,0.449041686968513,104.77,0.1688972205,2.33,11.13
B83009,2020-21,1,2020-04-01,2021-03-31,350.0,10394,3.37,53.75253492275738,-1.7803589536544202,231.0,231,15406.0,15406,/content/drive/MyDrive/wy_images/B83009_2020_21.png,21.83070771786817,182.4,0.5977,0.4222259066881177,97.12,0.1675011601,-6.13,11.19
B83009,2021-22,0,2021-04-01,2022-03-31,482.0,15340,3.14,53.75253492275738,-1.7803589536544202,231.0,231,15406.0,15406,/content/drive/MyDrive/wy_images/B83009_2021_22.png,19.41679696271777,182.4,0.5946,0.4814004964376006,114.91,0.1563468855,4.73,13.54
B83009,2022-23,0,2022-04-01,2023-03-31,483.0,15426,3.13,53.75253492275738,-1.7803589536544202,231.0,231,15406.0,15406,/content/drive/MyDrive/wy_images/B83009_2022_23.png,20.185212454839164,182.4,0.5871,0.4237860307975178,102.78,0.1431756957,-0.03,13.56
B83009,2023-24,0,2023-04-01,2024-03-31,483.0,15803,3.06,53.75253492275738,-1.7803589536544202,231.0,231,15406.0,15406,/content/drive/MyDrive/wy_images/B83009_2023_24.png,21.35189536603685,182.4,0.6157,0.4510239623075155,103.86,0.1648025897999999,5.27,13.56
B83010,2019-20,0,2019-04-01,2020-03-31,296.0,10226,2.89,53.76992663773321,-1.777685995211015,108.0,108,10023.0,10023,/content/drive/MyDrive/wy_images/B83010_2019_20.png,20.612265918889733,204.5,0.5498,0.4506568742817743,104.09,0.1664886724,1.72,28.61
B83010,2020-21,1,2020-04-01,2021-03-31,290.0,10224,2.84,53.76992663773321,-1.777685995211015,108.0,108,10023.0,10023,/content/drive/MyDrive/wy_images/B83010_2020_21.png,20.85937877658501,204.5,0.5324,0.3874993794529993,95.62,0.1714516799,-5.09,28.54
B83010,2021-22,0,2021-04-01,2022-03-31,286.0,10151,2.82,53.76992663773321,-1.777685995211015,108.0,108,10023.0,10023,/content/drive/MyDrive/wy_images/B83010_2021_22.png,20.0090604789711,204.5,0.5148,0.4219322362675247,115.65,0.1586516136999999,4.83,28.71
B83010,2022-23,0,2022-04-01,2023-03-31,263.0,10082,2.61,53.76992663773321,-1.777685995211015,108.0,108,10023.0,10023,/content/drive/MyDrive/wy_images/B83010_2022_23.png,21.55796234398197,204.5,0.52,0.3935930406803034,103.55,0.1506012021,-0.03,28.77
B83010,2023-24,0,2023-04-01,2024-03-31,239.0,9973,2.4,53.76992663773321,-1.777685995211015,108.0,108,10023.0,10023,/content/drive/MyDrive/wy_images/B83010_2023_24.png,21.193803827364537,204.5,0.551,0.4097449138129165,103.67,0.1703710579,5.26,28.62
B83012,2019-20,0,2019-04-01,2020-03-31,203.0,10308,1.97,53.80237405064483,-1.8091045759201727,193.0,193,10623.0,10623,/content/drive/MyDrive/wy_images/B83012_2019_20.png,18.149425391233333,192.1,0.59,0.4392771454837968,100.47,0.1732141296,1.68,29.4
B83012,2020-21,1,2020-04-01,2021-03-31,211.0,10408,2.03,53.80237405064483,-1.8091045759201727,193.0,193,10623.0,10623,/content/drive/MyDrive/wy_images/B83012_2020_21.png,19.14001146638752,192.1,0.6075,0.427493619857504,92.17,0.1668389328,-3.35,29.37
B83012,2021-22,0,2021-04-01,2022-03-31,220.0,10639,2.07,53.80237405064483,-1.8091045759201727,193.0,193,10623.0,10623,/content/drive/MyDrive/wy_images/B83012_2021_22.png,17.33545203985328,192.1,0.6155,0.5173934773615261,111.66,0.1554388827999999,4.9,29.24
B83012,2022-23,0,2022-04-01,2023-03-31,221.0,10877,2.03,53.80237405064483,-1.8091045759201727,193.0,193,10623.0,10623,/content/drive/MyDrive/wy_images/B83012_2022_23.png,19.395671883305088,192.1,0.5943,0.4375885405653872,98.88,0.1380051227,0.87,29.1
B83012,2023-24,0,2023-04-01,2024-03-31,217.0,11003,1.97,53.80237405064483,-1.8091045759201727,193.0,193,10623.0,10623,/content/drive/MyDrive/wy_images/B83012_2023_24.png,19.73577711138749,192.1,0.6301,0.4390568926683521,101.27,0.176824388,7.01,29.14
B83014,2019-20,0,2019-04-01,2020-03-31,261.0,13114,1.99,53.85714655785681,-1.83648039621792,98.0,98,13326.0,13326,/content/drive/MyDrive/wy_images/B83014_2019_20.png,15.898074638531911,158.8,0.7045,0.4720581061824868,94.32,0.1697412374,1.2,13.39
B83014,2020-21,1,2020-04-01,2021-03-31,253.0,13108,1.93,53.85714655785681,-1.83648039621792,98.0,98,13326.0,13326,/content/drive/MyDrive/wy_images/B83014_2020_21.png,19.40418269128052,158.8,0.7066,0.4535568696851297,86.94,0.1647153093999999,-2.98,13.31
B83014,2021-22,0,2021-04-01,2022-03-31,241.0,13181,1.83,53.85714655785681,-1.83648039621792,98.0,98,13326.0,13326,/content/drive/MyDrive/wy_images/B83014_2021_22.png,17.48522260657304,158.8,0.7043,0.5027650195357389,103.09,0.1587632017,2.84,13.15
B83014,2022-23,0,2022-04-01,2023-03-31,241.0,13329,1.81,53.85714655785681,-1.83648039621792,98.0,98,13326.0,13326,/content/drive/MyDrive/wy_images/B83014_2022_23.png,17.296816914384447,158.8,0.689,0.4772156929441508,94.72,0.1289097167,-0.3,13.0
B83014,2023-24,0,2023-04-01,2024-03-31,243.0,13510,1.8,53.85714655785681,-1.83648039621792,98.0,98,13326.0,13326,/content/drive/MyDrive/wy_images/B83014_2023_24.png,17.750111424925553,158.8,0.736,0.4810334084118593,95.89,0.1725675169999999,5.47,12.96
B83015,2019-20,0,2019-04-01,2020-03-31,272.0,8975,3.03,53.77301983070637,-1.711488023350846,122.0,122,8565.0,8565,/content/drive/MyDrive/wy_images/B83015_2019_20.png,27.29297164206017,181.7,0.458,0.3781753435991726,103.68,0.1749425356,2.73,17.98
B83015,2020-21,1,2020-04-01,2021-03-31,294.0,8883,3.31,53.77301983070637,-1.711488023350846,122.0,122,8565.0,8565,/content/drive/MyDrive/wy_images/B83015_2020_21.png,27.08464468028733,181.7,0.4405,0.347046279016318,95.15,0.1706801372,-7.27,17.92
B83015,2021-22,0,2021-04-01,2022-03-31,266.0,8707,3.06,53.77301983070637,-1.711488023350846,122.0,122,8565.0,8565,/content/drive/MyDrive/wy_images/B83015_2021_22.png,26.265208457758465,181.7,0.44,0.3990259434612733,117.16,0.1669296971,6.92,17.82
B83015,2022-23,0,2022-04-01,2023-03-31,282.0,8565,3.29,53.77301983070637,-1.711488023350846,122.0,122,8565.0,8565,/content/drive/MyDrive/wy_images/B83015_2022_23.png,27.0373358144509,181.7,0.4202,0.3446234980464261,106.35,0.1436454432,1.34,17.85
B83015,2023-24,0,2023-04-01,2024-03-31,276.0,8583,3.22,53.77301983070637,-1.711488023350846,122.0,122,8565.0,8565,/content/drive/MyDrive/wy_images/B83015_2023_24.png,24.434949225054943,181.7,0.4478,0.3593070190760745,105.72,0.1820284314,4.25,17.93
B83016,2019-20,0,2019-04-01,2020-03-31,189.0,7123,2.65,53.80597596933848,-1.7347601907291166,87.0,87,8284.0,8284,/content/drive/MyDrive/wy_images/B83016_2019_20.png,21.54831156303266,162.9,0.5583,0.4415898000459665,101.39,0.1635289757999999,2.91,29.17
B83016,2020-21,1,2020-04-01,2021-03-31,183.0,7092,2.58,53.80597596933848,-1.7347601907291166,87.0,87,8284.0,8284,/content/drive/MyDrive/wy_images/B83016_2020_21.png,22.7712063437196,162.9,0.5321,0.3947860767639622,92.72,0.1736719876999999,-6.31,29.19
B83016,2021-22,0,2021-04-01,2022-03-31,185.0,7747,2.39,53.80597596933848,-1.7347601907291166,87.0,87,8284.0,8284,/content/drive/MyDrive/wy_images/B83016_2021_22.png,21.16240744132297,162.9,0.5041,0.4136360468857734,115.97,0.1581993991,4.4,29.23
B83016,2022-23,0,2022-04-01,2023-03-31,187.0,8286,2.26,53.80597596933848,-1.7347601907291166,87.0,87,8284.0,8284,/content/drive/MyDrive/wy_images/B83016_2022_23.png,23.882269599826188,162.9,0.5236,0.3838835623994484,104.19,0.1419490498,0.89,29.17
B83016,2023-24,0,2023-04-01,2024-03-31,182.0,8572,2.12,53.80597596933848,-1.7347601907291166,87.0,87,8284.0,8284,/content/drive/MyDrive/wy_images/B83016_2023_24.png,23.222572113356307,162.9,0.5709,0.4187752792461503,104.26,0.1778182294999999,3.08,29.34
B83017,2019-20,0,2019-04-01,2020-03-31,174.0,7932,2.19,53.77150761304951,-1.8040399319813576,116.0,116,7939.0,7939,/content/drive/MyDrive/wy_images/B83017_2019_20.png,17.52701960815708,259.6,0.5693,0.4853099839117445,103.55,0.165852734,0.82,25.07
B83017,2020-21,1,2020-04-01,2021-03-31,181.0,7842,2.31,53.77150761304951,-1.8040399319813576,116.0,116,7939.0,7939,/content/drive/MyDrive/wy_images/B83017_2020_21.png,18.540770865756866,259.6,0.5624,0.4065879567915422,94.5,0.1669525762,-4.27,24.91
B83017,2021-22,0,2021-04-01,2022-03-31,176.0,7881,2.23,53.77150761304951,-1.8040399319813576,116.0,116,7939.0,7939,/content/drive/MyDrive/wy_images/B83017_2021_22.png,17.531010864448348,259.6,0.5621,0.5127131050333257,113.61,0.1505474863,4.96,24.85
B83017,2022-23,0,2022-04-01,2023-03-31,176.0,7945,2.22,53.77150761304951,-1.8040399319813576,116.0,116,7939.0,7939,/content/drive/MyDrive/wy_images/B83017_2022_23.png,18.90499547242364,259.6,0.5492,0.4154164238106183,102.67,0.1500630238999999,0.36,24.79
B83018,2019-20,0,2019-04-01,2020-03-31,283.0,12157,2.33,53.83272112376798,-1.7328821627080302,217.0,217,12378.0,12378,/content/drive/MyDrive/wy_images/B83018_2019_20.png,24.60784000353247,142.3,0.5919,0.4465638427947598,99.55,0.1609872172999999,3.18,20.99
B83018,2020-21,1,2020-04-01,2021-03-31,299.0,12233,2.44,53.83272112376798,-1.7328821627080302,217.0,217,12378.0,12378,/content/drive/MyDrive/wy_images/B83018_2020_21.png,24.819853241226657,142.3,0.5617,0.4022196092852218,90.72,0.169623358,-5.48,20.85
B83018,2021-22,0,2021-04-01,2022-03-31,282.0,12323,2.29,53.83272112376798,-1.7328821627080302,217.0,217,12378.0,12378,/content/drive/MyDrive/wy_images/B83018_2021_22.png,25.13991098109956,142.3,0.5331,0.4225012227074236,110.98,0.1575217505,4.46,20.73
B83018,2022-23,0,2022-04-01,2023-03-31,289.0,12382,2.33,53.83272112376798,-1.7328821627080302,217.0,217,12378.0,12378,/content/drive/MyDrive/wy_images/B83018_2022_23.png,26.79177351107078,142.3,0.5754,0.3991544242702827,101.88,0.1330410873999999,0.29,20.81
B83018,2023-24,0,2023-04-01,2024-03-31,294.0,12506,2.35,53.83272112376798,-1.7328821627080302,217.0,217,12378.0,12378,/content/drive/MyDrive/wy_images/B83018_2023_24.png,24.40137259401899,142.3,0.632,0.4532999080671109,101.45,0.1737558892,3.06,20.79
B83020,2019-20,0,2019-04-01,2020-03-31,182.0,8328,2.19,53.77966567183176,-1.8553860071942443,290.0,290,18070.0,18070,/content/drive/MyDrive/wy_images/B83020_2019_20.png,16.26516632636993,290.7,0.6775,0.4830156837508619,100.14,0.1644712996,1.94,10.46
B83020,2020-21,1,2020-04-01,2021-03-31,183.0,8535,2.14,53.77966567183176,-1.8553860071942443,290.0,290,18070.0,18070,/content/drive/MyDrive/wy_images/B83020_2020_21.png,17.96297829922475,290.7,0.7011,0.4542910457366123,92.56,0.1668155342,-5.34,10.53
B83020,2021-22,0,2021-04-01,2022-03-31,178.0,8652,2.06,53.77966567183176,-1.8553860071942443,290.0,290,18070.0,18070,/content/drive/MyDrive/wy_images/B83020_2021_22.png,17.434428314700266,290.7,0.6948,0.5188434750632038,109.86,0.1445940716,4.53,10.54
B83020,2022-23,0,2022-04-01,2023-03-31,432.0,18086,2.39,53.77966567183176,-1.8553860071942443,290.0,290,18070.0,18070,/content/drive/MyDrive/wy_images/B83020_2022_23.png,18.906252792272483,290.7,0.6911,0.475765695242473,99.17,0.1421202999999999,0.46,8.3
B83020,2023-24,0,2023-04-01,2024-03-31,440.0,18360,2.4,53.77966567183176,-1.8553860071942443,290.0,290,18070.0,18070,/content/drive/MyDrive/wy_images/B83020_2023_24.png,19.937024394032544,290.7,0.73,0.4814372052401747,99.68,0.1621336216999999,5.38,8.27
B83022,2019-20,0,2019-04-01,2020-03-31,193.0,9199,2.1,53.85145157737778,-1.7715043806582176,46.0,46,9389.0,9389,/content/drive/MyDrive/wy_images/B83022_2019_20.png,18.28848596063836,150.3,0.6528,0.4534650976786946,97.44,0.1619095404,2.2,12.6
B83022,2020-21,1,2020-04-01,2021-03-31,192.0,9201,2.09,53.85145157737778,-1.7715043806582176,46.0,46,9389.0,9389,/content/drive/MyDrive/wy_images/B83022_2020_21.png,18.827273885740407,150.3,0.6593,0.4489499149620777,89.2,0.1664896188,-3.94,12.59
B83022,2021-22,0,2021-04-01,2022-03-31,180.0,9228,1.95,53.85145157737778,-1.7715043806582176,46.0,46,9389.0,9389,/content/drive/MyDrive/wy_images/B83022_2021_22.png,18.834851857204,150.3,0.628,0.4683688715237876,107.68,0.1648429946,4.32,12.6
B83022,2022-23,0,2022-04-01,2023-03-31,166.0,9391,1.77,53.85145157737778,-1.7715043806582176,46.0,46,9389.0,9389,/content/drive/MyDrive/wy_images/B83022_2022_23.png,20.93883741855868,150.3,0.643,0.4310910825097679,98.13,0.1294938525,0.81,12.62
B83022,2023-24,0,2023-04-01,2024-03-31,175.0,9527,1.84,53.85145157737778,-1.7715043806582176,46.0,46,9389.0,9389,/content/drive/MyDrive/wy_images/B83022_2023_24.png,20.312387990192583,150.3,0.7106,0.4701492484486325,99.76,0.1760650148,5.13,12.62
B83025,2019-20,0,2019-04-01,2020-03-31,56.0,4320,1.3,53.78040578383415,-1.7686787584439785,166.0,166,4293.0,4293,/content/drive/MyDrive/wy_images/B83025_2019_20.png,19.528666377505303,176.5,0.4959,0.4282277959089864,103.81,0.1648099329,2.01,40.09
B83025,2020-21,1,2020-04-01,2021-03-31,51.0,4317,1.18,53.78040578383415,-1.7686787584439785,166.0,166,4293.0,4293,/content/drive/MyDrive/wy_images/B83025_2020_21.png,19.46782697410321,176.5,0.4703,0.3586646150310273,95.04,0.1721434808,-4.54,40.14
B83025,2021-22,0,2021-04-01,2022-03-31,51.0,4317,1.18,53.78040578383415,-1.7686787584439785,166.0,166,4293.0,4293,/content/drive/MyDrive/wy_images/B83025_2021_22.png,19.101956852175068,176.5,0.4392,0.3854436865088485,116.19,0.1608824894,4.85,40.17
B83025,2022-23,0,2022-04-01,2023-03-31,53.0,4347,1.22,53.78040578383415,-1.7686787584439785,166.0,166,4293.0,4293,/content/drive/MyDrive/wy_images/B83025_2022_23.png,20.961409353433915,176.5,0.457,0.3663551091703056,104.2,0.1544878643999999,0.38,40.17
B83025,2023-24,0,2023-04-01,2024-03-31,49.0,4456,1.1,53.78040578383415,-1.7686787584439785,166.0,166,4293.0,4293,/content/drive/MyDrive/wy_images/B83025_2023_24.png,20.97021542138047,176.5,0.4865,0.3749082601700758,104.0,0.1767037618,5.62,40.09
B83028,2019-20,0,2019-04-01,2020-03-31,260.0,10946,2.38,53.76658429589693,-1.802714647720004,107.0,107,10943.0,10943,/content/drive/MyDrive/wy_images/B83028_2019_20.png,19.75941136202604,264.2,0.6048,0.4680384923006205,103.09,0.1638319001,1.73,23.21
B83028,2020-21,1,2020-04-01,2021-03-31,257.0,10832,2.37,53.76658429589693,-1.802714647720004,107.0,107,10943.0,10943,/content/drive/MyDrive/wy_images/B83028_2020_21.png,20.555328178387853,264.2,0.598,0.4145721213514134,94.61,0.1688322153999999,-4.66,23.33
B83028,2021-22,0,2021-04-01,2022-03-31,262.0,10879,2.41,53.76658429589693,-1.802714647720004,107.0,107,10943.0,10943,/content/drive/MyDrive/wy_images/B83028_2021_22.png,19.754958626791023,264.2,0.5817,0.4651935601011261,113.83,0.1524338932999999,4.78,23.31
B83028,2022-23,0,2022-04-01,2023-03-31,263.0,10946,2.4,53.76658429589693,-1.802714647720004,107.0,107,10943.0,10943,/content/drive/MyDrive/wy_images/B83028_2022_23.png,19.87045872507878,264.2,0.5833,0.4269246334176051,102.46,0.1493209372999999,0.13,23.33
B83028,2023-24,0,2023-04-01,2024-03-31,254.0,10924,2.33,53.76658429589693,-1.802714647720004,107.0,107,10943.0,10943,/content/drive/MyDrive/wy_images/B83028_2023_24.png,20.28513419142406,264.2,0.6151,0.4352758860032176,102.47,0.1641563397,5.15,23.41
B83029,2019-20,0,2019-04-01,2020-03-31,358.0,10328,3.47,53.75207755490197,-1.7667204725490195,60.0,60,10200.0,10200,/content/drive/MyDrive/wy_images/B83029_2019_20.png,43.87166624488128,185.1,0.5927,0.4436271385888301,104.46,0.1695155593,2.2,13.97
B83029,2020-21,1,2020-04-01,2021-03-31,368.0,10244,3.59,53.75207755490197,-1.7667204725490195,60.0,60,10200.0,10200,/content/drive/MyDrive/wy_images/B83029_2020_21.png,44.90301187387828,185.1,0.5823,0.4111031395081591,96.87,0.1693372714,-5.91,13.94
B83029,2021-22,0,2021-04-01,2022-03-31,352.0,10291,3.42,53.75207755490197,-1.7667204725490195,60.0,60,10200.0,10200,/content/drive/MyDrive/wy_images/B83029_2021_22.png,45.42637461790124,185.1,0.5877,0.4401214479430016,116.05,0.1611060533,5.04,13.96
B83029,2022-23,0,2022-04-01,2023-03-31,333.0,10200,3.26,53.75207755490197,-1.7667204725490195,60.0,60,10200.0,10200,/content/drive/MyDrive/wy_images/B83029_2022_23.png,46.33022689732468,185.1,0.586,0.4178392047805103,103.1,0.1431873498,-0.33,13.99
B83029,2023-24,0,2023-04-01,2024-03-31,326.0,10146,3.21,53.75207755490197,-1.7667204725490195,60.0,60,10200.0,10200,/content/drive/MyDrive/wy_images/B83029_2023_24.png,44.10298366306108,185.1,0.6044,0.4516480119512756,104.21,0.165650649,5.14,14.0
B83031,2019-20,0,2019-04-01,2020-03-31,81.0,3736,2.17,53.85644270453362,-1.83090596925482,98.0,98,3838.0,3838,/content/drive/MyDrive/wy_images/B83031_2019_20.png,15.409988312075388,175.2,0.7052,0.4689562123649736,94.63,0.1689964930999999,1.22,12.78
B83031,2020-21,1,2020-04-01,2021-03-31,80.0,3752,2.13,53.85644270453362,-1.83090596925482,98.0,98,3838.0,3838,/content/drive/MyDrive/wy_images/B83031_2020_21.png,17.761736171852945,175.2,0.7105,0.4548600321765111,87.14,0.1649037735,-3.07,12.83
B83031,2021-22,0,2021-04-01,2022-03-31,80.0,3854,2.08,53.85644270453362,-1.83090596925482,98.0,98,3838.0,3838,/content/drive/MyDrive/wy_images/B83031_2021_22.png,16.735035223933277,175.2,0.7099,0.5042333716387037,103.56,0.1590978923,3.04,12.67
B83031,2022-23,0,2022-04-01,2023-03-31,74.0,3846,1.92,53.85644270453362,-1.83090596925482,98.0,98,3838.0,3838,/content/drive/MyDrive/wy_images/B83031_2022_23.png,17.60714189711253,175.2,0.6904,0.4846492254654103,95.07,0.1286223189,-0.31,12.5
B83031,2023-24,0,2023-04-01,2024-03-31,73.0,3947,1.85,53.85644270453362,-1.83090596925482,98.0,98,3838.0,3838,/content/drive/MyDrive/wy_images/B83031_2023_24.png,18.20389762088287,175.2,0.7481,0.4860625143645139,96.37,0.1710549558,5.26,12.32
B83032,2019-20,0,2019-04-01,2020-03-31,62.0,3981,1.56,53.79692178238341,-1.7224220025906738,138.0,138,3860.0,3860,/content/drive/MyDrive/wy_images/B83032_2019_20.png,23.677526512823995,176.0,0.512,0.4115069363364744,102.02,0.1682953998,2.85,38.8
B83032,2020-21,1,2020-04-01,2021-03-31,63.0,3972,1.59,53.79692178238341,-1.7224220025906738,138.0,138,3860.0,3860,/content/drive/MyDrive/wy_images/B83032_2020_21.png,24.747380698014368,176.0,0.4591,0.3396494552976327,93.53,0.1753181045,-7.16,38.8
B83032,2021-22,0,2021-04-01,2022-03-31,62.0,3848,1.61,53.79692178238341,-1.7224220025906738,138.0,138,3860.0,3860,/content/drive/MyDrive/wy_images/B83032_2021_22.png,24.085295960501337,176.0,0.4307,0.3789829372558033,116.64,0.1617170844,5.16,38.47
B83032,2022-23,0,2022-04-01,2023-03-31,56.0,3861,1.45,53.79692178238341,-1.7224220025906738,138.0,138,3860.0,3860,/content/drive/MyDrive/wy_images/B83032_2022_23.png,24.71819241239812,176.0,0.4232,0.3381260399908067,105.44,0.1429492311,1.3,38.63
B83032,2023-24,0,2023-04-01,2024-03-31,56.0,4044,1.38,53.79692178238341,-1.7224220025906738,138.0,138,3860.0,3860,/content/drive/MyDrive/wy_images/B83032_2023_24.png,23.53300351866909,176.0,0.4844,0.3719899103654333,104.48,0.1770350278999999,3.32,38.83
B83033,2019-20,0,2019-04-01,2020-03-31,361.0,13401,2.69,53.87724828222983,-1.9502006802805232,188.0,188,80849.0,80849,/content/drive/MyDrive/wy_images/B83033_2019_20.png,15.571084053319668,184.0,0.6942,0.474554304757527,92.67,0.1679038820999999,2.11,15.27
B83033,2020-21,1,2020-04-01,2021-03-31,355.0,13522,2.63,53.87724828222983,-1.9502006802805232,188.0,188,80849.0,80849,/content/drive/MyDrive/wy_images/B83033_2020_21.png,17.363673808781186,184.0,0.7041,0.4766283521029648,84.93,0.1684689598,-3.85,15.31
B83033,2021-22,0,2021-04-01,2022-03-31,2184.0,87233,2.5,53.87724828222983,-1.9502006802805232,188.0,188,80849.0,80849,/content/drive/MyDrive/wy_images/B83033_2021_22.png,16.733117043812275,184.0,0.6945,0.480335941162951,96.96,0.1631747713,4.66,11.41
B83033,2022-23,0,2022-04-01,2023-03-31,2118.0,86907,2.44,53.87724828222983,-1.9502006802805232,188.0,188,80849.0,80849,/content/drive/MyDrive/wy_images/B83033_2022_23.png,17.285301325665575,184.0,0.6745,0.4497575086187083,90.2,0.1297982067,-0.24,11.45
B83033,2023-24,0,2023-04-01,2024-03-31,2054.0,86789,2.37,53.87724828222983,-1.9502006802805232,188.0,188,80849.0,80849,/content/drive/MyDrive/wy_images/B83033_2023_24.png,18.48871211810128,184.0,0.7334,0.4753251896115835,94.32,0.1716415666,5.48,11.53
B83035,2019-20,0,2019-04-01,2020-03-31,198.0,10343,1.91,53.78125250985944,-1.7663582869855392,91.0,91,9889.0,9889,/content/drive/MyDrive/wy_images/B83035_2019_20.png,19.5198789145156,172.4,0.4952,0.4269613422201792,103.88,0.1638325169999999,2.11,35.9
B83035,2020-21,1,2020-04-01,2021-03-31,191.0,10225,1.87,53.78125250985944,-1.7663582869855392,91.0,91,9889.0,9889,/content/drive/MyDrive/wy_images/B83035_2020_21.png,19.379304215058703,172.4,0.4696,0.3592886646747874,95.04,0.1723575753,-4.54,36.11
B83035,2021-22,0,2021-04-01,2022-03-31,187.0,10450,1.79,53.78125250985944,-1.7663582869855392,91.0,91,9889.0,9889,/content/drive/MyDrive/wy_images/B83035_2021_22.png,19.1897881441848,172.4,0.434,0.3773493955412549,116.47,0.1610602281,4.87,36.0
B83035,2022-23,0,2022-04-01,2023-03-31,194.0,10557,1.84,53.78125250985944,-1.7663582869855392,91.0,91,9889.0,9889,/content/drive/MyDrive/wy_images/B83035_2022_23.png,21.16827362024936,172.4,0.4536,0.3640791634107102,104.46,0.1550610168,0.4,35.9
B83035,2023-24,0,2023-04-01,2024-03-31,204.0,10991,1.86,53.78125250985944,-1.7663582869855392,91.0,91,9889.0,9889,/content/drive/MyDrive/wy_images/B83035_2023_24.png,20.8807139244566,172.4,0.4836,0.3737886416915651,104.15,0.1765781978,5.49,36.13
B83037,2019-20,0,2019-04-01,2020-03-31,264.0,10085,2.62,53.82355803578453,-1.8794562072355483,38.0,38,10172.0,10172,/content/drive/MyDrive/wy_images/B83037_2019_20.png,16.09207431137001,222.5,0.7228,0.4815289772466099,94.63,0.1619051297,1.31,5.19
B83037,2020-21,1,2020-04-01,2021-03-31,261.0,10066,2.59,53.82355803578453,-1.8794562072355483,38.0,38,10172.0,10172,/content/drive/MyDrive/wy_images/B83037_2020_21.png,17.17487695741268,222.5,0.7216,0.4679834290967594,87.58,0.1626807411,-4.78,5.15
B83037,2021-22,0,2021-04-01,2022-03-31,247.0,10117,2.44,53.82355803578453,-1.8794562072355483,38.0,38,10172.0,10172,/content/drive/MyDrive/wy_images/B83037_2021_22.png,15.291933734173272,222.5,0.7085,0.5118137393702598,103.36,0.1481023637,3.63,5.14
B83037,2022-23,0,2022-04-01,2023-03-31,239.0,10174,2.35,53.82355803578453,-1.8794562072355483,38.0,38,10172.0,10172,/content/drive/MyDrive/wy_images/B83037_2022_23.png,17.561601738539448,222.5,0.688,0.4555207906228453,95.35,0.1293052508,-0.18,5.12
B83037,2023-24,0,2023-04-01,2024-03-31,228.0,10077,2.26,53.82355803578453,-1.8794562072355483,38.0,38,10172.0,10172,/content/drive/MyDrive/wy_images/B83037_2023_24.png,18.018204415610786,222.5,0.7323,0.4852732751091703,96.18,0.1678935037,6.58,5.1
B83038,2019-20,0,2019-04-01,2020-03-31,236.0,18827,1.25,53.814465911979575,-1.7899796002850863,188.0,188,16837.0,16837,/content/drive/MyDrive/wy_images/B83038_2019_20.png,19.647637041857703,190.3,0.5769,0.4289619719604688,100.58,0.1713300758,2.2,25.23
B83038,2020-21,1,2020-04-01,2021-03-31,254.0,18773,1.35,53.814465911979575,-1.7899796002850863,188.0,188,16837.0,16837,/content/drive/MyDrive/wy_images/B83038_2020_21.png,20.694240206749942,190.3,0.5887,0.4259151413468168,92.09,0.1677789506999999,-3.83,25.13
B83038,2021-22,0,2021-04-01,2022-03-31,246.0,18626,1.32,53.814465911979575,-1.7899796002850863,188.0,188,16837.0,16837,/content/drive/MyDrive/wy_images/B83038_2021_22.png,18.5828400931216,190.3,0.5921,0.4990207216731786,112.63,0.1576574824999999,4.76,25.09
B83038,2022-23,0,2022-04-01,2023-03-31,239.0,18608,1.28,53.814465911979575,-1.7899796002850863,188.0,188,16837.0,16837,/content/drive/MyDrive/wy_images/B83038_2022_23.png,22.10880017396995,190.3,0.5861,0.4327062698230292,99.71,0.1377227635,0.88,24.96
B83038,2023-24,0,2023-04-01,2024-03-31,243.0,18793,1.29,53.814465911979575,-1.7899796002850863,188.0,188,16837.0,16837,/content/drive/MyDrive/wy_images/B83038_2023_24.png,20.785252146545496,190.3,0.6223,0.4374600597563778,102.14,0.1791541626,6.31,24.95
B83039,2019-20,0,2019-04-01,2020-03-31,401.0,12789,3.14,53.837038770362376,-1.7826669493849734,153.0,153,24064.0,24064,/content/drive/MyDrive/wy_images/B83039_2019_20.png,29.91626216690644,123.7,0.6282,0.4544011721443346,98.37,0.1608327254,2.57,16.78
B83039,2020-21,1,2020-04-01,2021-03-31,541.0,24148,2.24,53.837038770362376,-1.7826669493849734,153.0,153,24064.0,24064,/content/drive/MyDrive/wy_images/B83039_2020_21.png,30.679715886540155,123.7,0.6571,0.4512625695242472,89.51,0.1672355836999999,-3.76,16.83
B83039,2021-22,0,2021-04-01,2022-03-31,522.0,23999,2.18,53.837038770362376,-1.7826669493849734,153.0,153,24064.0,24064,/content/drive/MyDrive/wy_images/B83039_2021_22.png,30.796040820611005,123.7,0.6349,0.4901922546541025,108.29,0.1630594081,3.93,16.86
B83039,2022-23,0,2022-04-01,2023-03-31,536.0,24097,2.22,53.837038770362376,-1.7826669493849734,153.0,153,24064.0,24064,/content/drive/MyDrive/wy_images/B83039_2022_23.png,33.48694291799401,123.7,0.6511,0.4498125718225695,98.22,0.1315064937,0.7,16.86
B83039,2023-24,0,2023-04-01,2024-03-31,564.0,24126,2.34,53.837038770362376,-1.7826669493849734,153.0,153,24064.0,24064,/content/drive/MyDrive/wy_images/B83039_2023_24.png,31.70797473096288,123.7,0.7003,0.4729941806481268,99.79,0.1744064655999999,5.48,16.88
B83041,2019-20,0,2019-04-01,2020-03-31,543.0,14736,3.68,53.77420361122604,-1.7168451737691353,139.0,139,14502.0,14502,/content/drive/MyDrive/wy_images/B83041_2019_20.png,41.06211241290578,181.1,0.4478,0.3780835715927373,103.63,0.1748686826,2.61,16.97
B83041,2020-21,1,2020-04-01,2021-03-31,544.0,14579,3.73,53.77420361122604,-1.7168451737691353,139.0,139,14502.0,14502,/content/drive/MyDrive/wy_images/B83041_2020_21.png,39.69396322270073,181.1,0.4283,0.3411178074005975,95.21,0.1713795822,-7.18,16.98
B83041,2021-22,0,2021-04-01,2022-03-31,528.0,14417,3.66,53.77420361122604,-1.7168451737691353,139.0,139,14502.0,14502,/content/drive/MyDrive/wy_images/B83041_2021_22.png,39.9539658887885,181.1,0.4265,0.3908398804872443,117.12,0.1674998639,6.68,16.94
B83041,2022-23,0,2022-04-01,2023-03-31,536.0,14507,3.69,53.77420361122604,-1.7168451737691353,139.0,139,14502.0,14502,/content/drive/MyDrive/wy_images/B83041_2022_23.png,40.5355028649848,181.1,0.4081,0.3383095840036773,106.22,0.1448743593999999,1.28,17.03
B83041,2023-24,0,2023-04-01,2024-03-31,531.0,14790,3.59,53.77420361122604,-1.7168451737691353,139.0,139,14502.0,14502,/content/drive/MyDrive/wy_images/B83041_2023_24.png,37.36309632086071,181.1,0.4362,0.3542595587221328,105.65,0.1835420514,4.48,17.07
B83042,2019-20,0,2019-04-01,2020-03-31,277.0,7830,3.54,53.77347945834845,-1.726476467174465,96.0,96,8271.0,8271,/content/drive/MyDrive/wy_images/B83042_2019_20.png,43.11371392198857,181.3,0.4409,0.3819012870604459,103.63,0.1741715054,2.46,16.53
B83042,2020-21,1,2020-04-01,2021-03-31,269.0,7886,3.41,53.77347945834845,-1.726476467174465,96.0,96,8271.0,8271,/content/drive/MyDrive/wy_images/B83042_2020_21.png,43.328485902470646,181.3,0.4191,0.3369697127097218,95.4,0.172303958,-6.93,16.68
B83042,2021-22,0,2021-04-01,2022-03-31,281.0,8035,3.5,53.77347945834845,-1.726476467174465,96.0,96,8271.0,8271,/content/drive/MyDrive/wy_images/B83042_2021_22.png,45.13251595527196,181.3,0.4169,0.3832411583544012,117.0,0.1681377972,6.27,16.63
B83042,2022-23,0,2022-04-01,2023-03-31,330.0,8276,3.99,53.77347945834845,-1.726476467174465,96.0,96,8271.0,8271,/content/drive/MyDrive/wy_images/B83042_2022_23.png,45.06839169274158,181.3,0.4022,0.3345469317398299,105.91,0.1467137596,1.07,16.66
B83042,2023-24,0,2023-04-01,2024-03-31,338.0,8553,3.95,53.77347945834845,-1.726476467174465,96.0,96,8271.0,8271,/content/drive/MyDrive/wy_images/B83042_2023_24.png,43.28381498177398,181.3,0.4302,0.3532317122500574,105.52,0.1848320262,4.87,16.74
B83045,2019-20,0,2019-04-01,2020-03-31,426.0,13818,3.08,53.79170291559102,-1.8192375334428528,152.0,152,12783.0,12783,/content/drive/MyDrive/wy_images/B83045_2019_20.png,21.309838265073207,215.6,0.608,0.468772668352103,101.14,0.1706028103999999,1.09,19.04
B83045,2020-21,1,2020-04-01,2021-03-31,394.0,13593,2.9,53.79170291559102,-1.8192375334428528,152.0,152,12783.0,12783,/content/drive/MyDrive/wy_images/B83045_2020_21.png,22.53783639573693,215.6,0.6229,0.4299531096299701,92.73,0.165844484,-3.56,18.98
B83045,2021-22,0,2021-04-01,2022-03-31,359.0,13292,2.7,53.79170291559102,-1.8192375334428528,152.0,152,12783.0,12783,/content/drive/MyDrive/wy_images/B83045_2021_22.png,20.41481139051724,215.6,0.6235,0.5199263847391404,111.54,0.1499402655,4.87,18.9
B83045,2022-23,0,2022-04-01,2023-03-31,329.0,12946,2.54,53.79170291559102,-1.8192375334428528,152.0,152,12783.0,12783,/content/drive/MyDrive/wy_images/B83045_2022_23.png,22.13728116035736,215.6,0.6037,0.4374417053550908,99.99,0.1425170195,0.71,18.95
B83045,2023-24,0,2023-04-01,2024-03-31,310.0,12794,2.42,53.79170291559102,-1.8192375334428528,152.0,152,12783.0,12783,/content/drive/MyDrive/wy_images/B83045_2023_24.png,22.797312183041324,215.6,0.6357,0.4416265088485406,101.05,0.171137938,6.11,18.86
B83052,2019-20,0,2019-04-01,2020-03-31,403.0,23879,1.69,53.787161551416936,-1.775651502206007,233.0,233,23572.0,23572,/content/drive/MyDrive/wy_images/B83052_2019_20.png,27.937131455026684,173.2,0.4852,0.4220056538726729,102.72,0.1699932797999999,1.86,37.96
B83052,2020-21,1,2020-04-01,2021-03-31,406.0,23561,1.72,53.787161551416936,-1.775651502206007,233.0,233,23572.0,23572,/content/drive/MyDrive/wy_images/B83052_2020_21.png,27.75289279023552,173.2,0.4719,0.3655842243162491,94.22,0.1715282461,-4.63,37.82
B83052,2021-22,0,2021-04-01,2022-03-31,387.0,23900,1.62,53.787161551416936,-1.775651502206007,233.0,233,23572.0,23572,/content/drive/MyDrive/wy_images/B83052_2021_22.png,27.41518310624713,173.2,0.4637,0.4287600735463112,115.11,0.161943752,5.0,37.66
B83052,2022-23,0,2022-04-01,2023-03-31,408.0,24166,1.69,53.787161551416936,-1.775651502206007,233.0,233,23572.0,23572,/content/drive/MyDrive/wy_images/B83052_2022_23.png,30.07505888898616,173.2,0.4627,0.3741924385198805,102.85,0.1486441258,0.61,37.45
B83052,2023-24,0,2023-04-01,2024-03-31,421.0,24715,1.7,53.787161551416936,-1.775651502206007,233.0,233,23572.0,23572,/content/drive/MyDrive/wy_images/B83052_2023_24.png,28.396644024921105,173.2,0.4955,0.3804696437600551,103.63,0.1813363948999999,6.2,37.52
B83054,2019-20,0,2019-04-01,2020-03-31,196.0,5621,3.49,53.82956356122613,-1.7194322243620606,151.0,151,6231.0,6231,/content/drive/MyDrive/wy_images/B83054_2019_20.png,24.640780020271688,127.5,0.5756,0.4316050057458055,99.97,0.1642202,3.24,18.73
B83054,2020-21,1,2020-04-01,2021-03-31,192.0,5866,3.27,53.82956356122613,-1.7194322243620606,151.0,151,6231.0,6231,/content/drive/MyDrive/wy_images/B83054_2020_21.png,25.67387629926151,127.5,0.5273,0.356443732475293,91.25,0.1720564752,-6.13,18.53
B83054,2021-22,0,2021-04-01,2022-03-31,179.0,6091,2.94,53.82956356122613,-1.7194322243620606,151.0,151,6231.0,6231,/content/drive/MyDrive/wy_images/B83054_2021_22.png,24.815320392539785,127.5,0.4991,0.3829474879338083,112.52,0.1552439115999999,4.39,18.27
B83054,2022-23,0,2022-04-01,2023-03-31,180.0,6233,2.89,53.82956356122613,-1.7194322243620606,151.0,151,6231.0,6231,/content/drive/MyDrive/wy_images/B83054_2022_23.png,25.83031163326921,127.5,0.5285,0.3672544748333716,103.09,0.1323077532,0.23,18.21
B83054,2023-24,0,2023-04-01,2024-03-31,178.0,6296,2.83,53.82956356122613,-1.7194322243620606,151.0,151,6231.0,6231,/content/drive/MyDrive/wy_images/B83054_2023_24.png,24.27850662257213,127.5,0.6051,0.4252727373017697,101.97,0.1750994877999999,3.13,18.1
B83055,2019-20,0,2019-04-01,2020-03-31,577.0,23786,2.43,53.77433493260536,-1.7872523916567138,178.0,178,23444.0,23444,/content/drive/MyDrive/wy_images/B83055_2019_20.png,18.522300407499888,216.4,0.5686,0.4616328062514365,104.04,0.1634189227999999,1.65,31.57
B83055,2020-21,1,2020-04-01,2021-03-31,561.0,23665,2.37,53.77433493260536,-1.7872523916567138,178.0,178,23444.0,23444,/content/drive/MyDrive/wy_images/B83055_2020_21.png,18.485005117199524,216.4,0.5511,0.3974841737531602,95.06,0.1697036405,-4.23,31.66
B83055,2021-22,0,2021-04-01,2022-03-31,560.0,23735,2.36,53.77433493260536,-1.7872523916567138,178.0,178,23444.0,23444,/content/drive/MyDrive/wy_images/B83055_2021_22.png,19.20769992550261,216.4,0.5296,0.4477752332797058,115.18,0.1555818876,4.85,31.65
B83055,2022-23,0,2022-04-01,2023-03-31,533.0,23770,2.24,53.77433493260536,-1.7872523916567138,178.0,178,23444.0,23444,/content/drive/MyDrive/wy_images/B83055_2022_23.png,20.837089916434856,216.4,0.5359,0.4046240358538267,103.27,0.1520509557,0.19,31.68
B83055,2023-24,0,2023-04-01,2024-03-31,742.0,32274,2.3,53.77433493260536,-1.7872523916567138,178.0,178,23444.0,23444,/content/drive/MyDrive/wy_images/B83055_2023_24.png,19.88791848703953,216.4,0.566,0.4131404780510228,102.97,0.1670532142999999,5.36,30.11
B83056,2019-20,0,2019-04-01,2020-03-31,243.0,7862,3.09,53.81639181039832,-1.73042593125698,66.0,66,8059.0,8059,/content/drive/MyDrive/wy_images/B83056_2019_20.png,20.69315780737579,180.6,0.5864,0.4482891565157435,100.96,0.1623590007,3.07,28.84
B83056,2020-21,1,2020-04-01,2021-03-31,235.0,7813,3.01,53.81639181039832,-1.73042593125698,66.0,66,8059.0,8059,/content/drive/MyDrive/wy_images/B83056_2020_21.png,21.02395804232699,180.6,0.5482,0.3931525350494139,92.24,0.1739280484,-6.38,28.87
B83056,2021-22,0,2021-04-01,2022-03-31,216.0,7910,2.73,53.81639181039832,-1.73042593125698,66.0,66,8059.0,8059,/content/drive/MyDrive/wy_images/B83056_2021_22.png,20.80527353631693,180.6,0.5129,0.4132873132613192,115.38,0.1570208238,4.2,28.88
B83056,2022-23,0,2022-04-01,2023-03-31,222.0,8060,2.75,53.81639181039832,-1.73042593125698,66.0,66,8059.0,8059,/content/drive/MyDrive/wy_images/B83056_2022_23.png,21.41629639391289,180.6,0.5269,0.3817177430475753,104.05,0.1397160484,0.91,28.93
B83056,2023-24,0,2023-04-01,2024-03-31,220.0,8258,2.66,53.81639181039832,-1.73042593125698,66.0,66,8059.0,8059,/content/drive/MyDrive/wy_images/B83056_2023_24.png,20.40779113834111,180.6,0.5869,0.4234556515743507,103.68,0.1745196940999999,2.69,28.88
B83062,2019-20,0,2019-04-01,2020-03-31,233.0,8518,2.74,53.81827595116872,-1.7245872899791714,219.0,219,8642.0,8642,/content/drive/MyDrive/wy_images/B83062_2019_20.png,21.37935896660093,161.1,0.5838,0.4422689128935877,100.86,0.1635327676,3.09,24.13
B83062,2020-21,1,2020-04-01,2021-03-31,251.0,8477,2.96,53.81827595116872,-1.7245872899791714,219.0,219,8642.0,8642,/content/drive/MyDrive/wy_images/B83062_2020_21.png,26.40487212764173,161.1,0.526,0.3652171362905079,92.22,0.1749523687,-6.65,24.05
B83062,2021-22,0,2021-04-01,2022-03-31,250.0,8493,2.94,53.81827595116872,-1.7245872899791714,219.0,219,8642.0,8642,/content/drive/MyDrive/wy_images/B83062_2021_22.png,22.45846831518224,161.1,0.4879,0.395006329579407,115.08,0.1571768924999999,4.2,23.84
B83062,2022-23,0,2022-04-01,2023-03-31,262.0,8646,3.03,53.81827595116872,-1.7245872899791714,219.0,219,8642.0,8642,/content/drive/MyDrive/wy_images/B83062_2022_23.png,23.8611386600464,161.1,0.4955,0.3637854929901172,104.19,0.1385501018,0.89,23.62
B83062,2023-24,0,2023-04-01,2024-03-31,277.0,8773,3.16,53.81827595116872,-1.7245872899791714,219.0,219,8642.0,8642,/content/drive/MyDrive/wy_images/B83062_2023_24.png,21.73626259121552,161.1,0.5675,0.4089373201562859,103.25,0.173371046,2.72,23.41
B83063,2019-20,0,2019-04-01,2020-03-31,504.0,19973,2.52,53.82964029082551,-1.7789406301219266,337.0,337,20012.0,20012,/content/drive/MyDrive/wy_images/B83063_2019_20.png,22.31273562355633,125.3,0.6002,0.4491334589749483,98.99,0.1662615577,2.16,20.5
B83063,2020-21,1,2020-04-01,2021-03-31,493.0,20104,2.45,53.82964029082551,-1.7789406301219266,337.0,337,20012.0,20012,/content/drive/MyDrive/wy_images/B83063_2020_21.png,23.48291492046081,125.3,0.6044,0.432944877039761,90.66,0.1691918201999999,-4.15,20.51
B83063,2021-22,0,2021-04-01,2022-03-31,472.0,20259,2.33,53.82964029082551,-1.7789406301219266,337.0,337,20012.0,20012,/content/drive/MyDrive/wy_images/B83063_2021_22.png,22.747206396464968,125.3,0.6,0.5070783038381981,110.44,0.1648346915,4.63,20.6
B83063,2022-23,0,2022-04-01,2023-03-31,470.0,20196,2.33,53.82964029082551,-1.7789406301219266,337.0,337,20012.0,20012,/content/drive/MyDrive/wy_images/B83063_2022_23.png,25.15642087315925,125.3,0.5952,0.4278239990806711,99.18,0.1336278791,0.87,20.64
B83063,2023-24,0,2023-04-01,2024-03-31,461.0,20280,2.27,53.82964029082551,-1.7789406301219266,337.0,337,20012.0,20012,/content/drive/MyDrive/wy_images/B83063_2023_24.png,22.935770840227857,125.3,0.6459,0.450546747874052,101.21,0.1762407673,5.87,20.67
B83064,2019-20,0,2019-04-01,2020-03-31,306.0,10465,2.92,53.824531018493474,-1.7372865701398288,94.0,94,11085.0,11085,/content/drive/MyDrive/wy_images/B83064_2019_20.png,21.22890370280712,159.6,0.5853,0.4481973845093082,100.42,0.1616999468,3.06,24.98
B83064,2020-21,1,2020-04-01,2021-03-31,301.0,10604,2.84,53.824531018493474,-1.7372865701398288,94.0,94,11085.0,11085,/content/drive/MyDrive/wy_images/B83064_2020_21.png,21.264555967729983,159.6,0.5633,0.4096531418064812,91.63,0.1713480624,-5.76,24.88
B83064,2021-22,0,2021-04-01,2022-03-31,293.0,10839,2.7,53.824531018493474,-1.7372865701398288,94.0,94,11085.0,11085,/content/drive/MyDrive/wy_images/B83064_2021_22.png,21.56298739834476,159.6,0.5375,0.4289069087566077,113.53,0.1572680335,4.38,24.84
B83064,2022-23,0,2022-04-01,2023-03-31,300.0,11090,2.71,53.824531018493474,-1.7372865701398288,94.0,94,11085.0,11085,/content/drive/MyDrive/wy_images/B83064_2022_23.png,23.0994488982442,159.6,0.5678,0.399851891519191,102.85,0.1369161287,0.61,24.76
B83064,2023-24,0,2023-04-01,2024-03-31,290.0,11335,2.56,53.824531018493474,-1.7372865701398288,94.0,94,11085.0,11085,/content/drive/MyDrive/wy_images/B83064_2023_24.png,20.939832262675868,159.6,0.618,0.4439575178119972,102.94,0.1754904564,3.12,24.66
B83067,2019-20,0,2019-04-01,2020-03-31,196.0,7603,2.58,53.85433901393775,-1.8370297186400943,122.0,122,7677.0,7677,/content/drive/MyDrive/wy_images/B83067_2019_20.png,18.287388349474213,155.0,0.7049,0.4738017743047575,94.45,0.1692133481,1.27,13.82
B83067,2020-21,1,2020-04-01,2021-03-31,181.0,7612,2.38,53.85433901393775,-1.8370297186400943,122.0,122,7677.0,7677,/content/drive/MyDrive/wy_images/B83067_2020_21.png,21.38395520991984,155.0,0.7096,0.4572828131464029,87.07,0.1647170741,-3.02,13.87
B83067,2021-22,0,2021-04-01,2022-03-31,174.0,7686,2.26,53.85433901393775,-1.8370297186400943,122.0,122,7677.0,7677,/content/drive/MyDrive/wy_images/B83067_2021_22.png,19.344796448858524,155.0,0.7053,0.5061972925764193,103.34,0.1582874457,2.78,13.72
B83067,2022-23,0,2022-04-01,2023-03-31,178.0,7687,2.32,53.85433901393775,-1.8370297186400943,122.0,122,7677.0,7677,/content/drive/MyDrive/wy_images/B83067_2022_23.png,19.937994879288745,155.0,0.6945,0.4776194897724661,94.92,0.1292833087,-0.21,13.71
B83067,2023-24,0,2023-04-01,2024-03-31,172.0,7741,2.22,53.85433901393775,-1.8370297186400943,122.0,122,7677.0,7677,/content/drive/MyDrive/wy_images/B83067_2023_24.png,19.92166216465836,155.0,0.738,0.4825568237186853,96.03,0.172423081,5.67,13.56
B83604,2019-20,0,2019-04-01,2020-03-31,56.0,3103,1.8,53.80560574518597,-1.780079535742548,156.0,156,3791.0,3791,/content/drive/MyDrive/wy_images/B83604_2019_20.png,21.39097316538112,163.5,0.5231,0.4371663893357849,101.53,0.1720674174,1.97,37.46
B83604,2020-21,1,2020-04-01,2021-03-31,48.0,3213,1.49,53.80560574518597,-1.780079535742548,156.0,156,3791.0,3791,/content/drive/MyDrive/wy_images/B83604_2020_21.png,22.176876263613604,163.5,0.5207,0.4043670742358078,92.95,0.1716368909999999,-4.49,37.13
B83604,2021-22,0,2021-04-01,2022-03-31,51.0,3578,1.43,53.80560574518597,-1.780079535742548,156.0,156,3791.0,3791,/content/drive/MyDrive/wy_images/B83604_2021_22.png,21.2037001197311,163.5,0.5473,0.5342611721443347,114.06,0.1634289078,5.47,36.66
B83604,2022-23,0,2022-04-01,2023-03-31,48.0,3933,1.22,53.80560574518597,-1.780079535742548,156.0,156,3791.0,3791,/content/drive/MyDrive/wy_images/B83604_2022_23.png,22.78401258414097,163.5,0.5169,0.4081847897035164,100.85,0.1392044477,0.96,37.02
B83604,2023-24,0,2023-04-01,2024-03-31,49.0,4286,1.14,53.80560574518597,-1.780079535742548,156.0,156,3791.0,3791,/content/drive/MyDrive/wy_images/B83604_2023_24.png,20.491039641794124,163.5,0.5566,0.4187569248448632,103.17,0.1774510844,6.68,36.74
B83611,2019-20,0,2019-04-01,2020-03-31,112.0,7208,1.55,53.79989039560645,-1.7464058959322348,240.0,240,10743.0,10743,/content/drive/MyDrive/wy_images/B83611_2019_20.png,36.55831509106456,160.3,0.517,0.4259885589519651,101.87,0.1662708571999999,2.75,33.46
B83611,2020-21,1,2020-04-01,2021-03-31,107.0,7227,1.48,53.79989039560645,-1.7464058959322348,240.0,240,10743.0,10743,/content/drive/MyDrive/wy_images/B83611_2020_21.png,36.55304515093408,160.3,0.4837,0.3675664996552517,93.4,0.1743311393999999,-6.47,33.04
B83611,2021-22,0,2021-04-01,2022-03-31,105.0,7629,1.38,53.79989039560645,-1.7464058959322348,240.0,240,10743.0,10743,/content/drive/MyDrive/wy_images/B83611_2021_22.png,36.24125712104279,160.3,0.4589,0.3951898735922776,116.3,0.1607978041,4.75,32.65
B83611,2022-23,0,2022-04-01,2023-03-31,138.0,10822,1.28,53.79989039560645,-1.7464058959322348,240.0,240,10743.0,10743,/content/drive/MyDrive/wy_images/B83611_2022_23.png,38.49573141860292,160.3,0.4792,0.372834212824638,103.7,0.1435018164,0.92,34.44
B83611,2023-24,0,2023-04-01,2024-03-31,134.0,11210,1.2,53.79989039560645,-1.7464058959322348,240.0,240,10743.0,10743,/content/drive/MyDrive/wy_images/B83611_2023_24.png,34.644269140403885,160.3,0.5256,0.3974658193518731,104.12,0.1796972733,4.51,34.42
B83620,2019-20,0,2019-04-01,2020-03-31,48.0,3065,1.57,53.93364599224306,-1.8932142210730447,32.0,32,3094.0,3094,/content/drive/MyDrive/wy_images/B83620_2019_20.png,15.311732001205336,173.9,0.7496,0.5108409561020455,87.75,0.1840095385,0.23,5.58
B83620,2020-21,1,2020-04-01,2021-03-31,47.0,3099,1.52,53.93364599224306,-1.8932142210730447,32.0,32,3094.0,3094,/content/drive/MyDrive/wy_images/B83620_2020_21.png,16.545654483743416,173.9,0.7823,0.5064726085957252,82.94,0.1639055017,-3.96,5.56
B83620,2021-22,0,2021-04-01,2022-03-31,54.0,3186,1.69,53.93364599224306,-1.8932142210730447,32.0,32,3094.0,3094,/content/drive/MyDrive/wy_images/B83620_2021_22.png,15.934455834802764,173.9,0.774,0.559571891519191,93.96,0.1628594299,4.58,5.54
B83620,2022-23,0,2022-04-01,2023-03-31,56.0,3272,1.71,53.93364599224306,-1.8932142210730447,32.0,32,3094.0,3094,/content/drive/MyDrive/wy_images/B83620_2022_23.png,16.845884911326877,173.9,0.7426,0.4658359641461733,89.39,0.119826252,-3.2,5.5
B83620,2023-24,0,2023-04-01,2024-03-31,64.0,3418,1.87,53.93364599224306,-1.8932142210730447,32.0,32,3094.0,3094,/content/drive/MyDrive/wy_images/B83620_2023_24.png,18.55902063448609,173.9,0.7936,0.5187149942541944,93.01,0.1652995249,5.6,5.38
B83621,2019-20,0,2019-04-01,2020-03-31,64.0,4166,1.54,53.784314044834304,-1.7749252826510722,129.0,129,4104.0,4104,/content/drive/MyDrive/wy_images/B83621_2019_20.png,25.26103761333357,169.6,0.5211,0.4392771454837968,103.76,0.1630873298,2.02,37.23
B83621,2020-21,1,2020-04-01,2021-03-31,61.0,4194,1.45,53.784314044834304,-1.7749252826510722,129.0,129,4104.0,4104,/content/drive/MyDrive/wy_images/B83621_2020_21.png,25.515403641557608,169.6,0.4971,0.3738069960928522,94.8,0.1712127576,-4.24,37.29
B83621,2021-22,0,2021-04-01,2022-03-31,59.0,4187,1.41,53.784314044834304,-1.7749252826510722,129.0,129,4104.0,4104,/content/drive/MyDrive/wy_images/B83621_2021_22.png,24.60565015556834,169.6,0.4681,0.4070468168237187,115.95,0.1589100048,4.85,37.11
B83621,2022-23,0,2022-04-01,2023-03-31,53.0,4336,1.22,53.784314044834304,-1.7749252826510722,129.0,129,4104.0,4104,/content/drive/MyDrive/wy_images/B83621_2022_23.png,27.62396143029084,169.6,0.4843,0.3803411629510457,103.88,0.1537954778,0.41,37.21
B83621,2023-24,0,2023-04-01,2024-03-31,54.0,4406,1.23,53.784314044834304,-1.7749252826510722,129.0,129,4104.0,4104,/content/drive/MyDrive/wy_images/B83621_2023_24.png,27.01456188785096,169.6,0.5138,0.3882519099057688,103.73,0.1734709786,5.5,37.23
B83622,2019-20,0,2019-04-01,2020-03-31,87.0,5102,1.71,53.80090649064172,-1.791359282531194,138.0,138,4488.0,4488,/content/drive/MyDrive/wy_images/B83622_2019_20.png,33.586668415576675,168.8,0.536,0.432651206619168,101.58,0.1724878410999999,1.86,39.98
B83622,2020-21,1,2020-04-01,2021-03-31,91.0,5044,1.8,53.80090649064172,-1.791359282531194,138.0,138,4488.0,4488,/content/drive/MyDrive/wy_images/B83622_2020_21.png,35.13028816462729,168.8,0.5386,0.4058537807400597,92.98,0.1696210196,-3.94,39.91
B83622,2021-22,0,2021-04-01,2022-03-31,92.0,4846,1.9,53.80090649064172,-1.791359282531194,138.0,138,4488.0,4488,/content/drive/MyDrive/wy_images/B83622_2021_22.png,34.54402554384924,168.8,0.5595,0.5244232130544703,113.5,0.1608248254,5.29,39.8
B83622,2022-23,0,2022-04-01,2023-03-31,84.0,4621,1.82,53.80090649064172,-1.791359282531194,138.0,138,4488.0,4488,/content/drive/MyDrive/wy_images/B83622_2022_23.png,33.41220997439888,168.8,0.5342,0.4163892070788325,100.31,0.1402437686,0.91,39.79
B83622,2023-24,0,2023-04-01,2024-03-31,90.0,4231,2.13,53.80090649064172,-1.791359282531194,138.0,138,4488.0,4488,/content/drive/MyDrive/wy_images/B83622_2023_24.png,31.70450135959535,168.8,0.571,0.4187018616410021,102.64,0.1772809625,6.94,39.96
B83624,2019-20,0,2019-04-01,2020-03-31,285.0,17830,1.6,53.92506383953091,-1.8219216336376456,120.0,120,13473.0,13473,/content/drive/MyDrive/wy_images/B83624_2019_20.png,23.59129027157863,137.0,0.7004,0.4461784003677315,86.42,0.1795016952999999,0.36,9.02
B83624,2020-21,1,2020-04-01,2021-03-31,282.0,17847,1.58,53.92506383953091,-1.8219216336376456,120.0,120,13473.0,13473,/content/drive/MyDrive/wy_images/B83624_2020_21.png,24.505641187668683,137.0,0.7011,0.423235398758906,81.73,0.1647631454,-3.87,8.96
B83624,2021-22,0,2021-04-01,2022-03-31,280.0,17763,1.58,53.92506383953091,-1.8219216336376456,120.0,120,13473.0,13473,/content/drive/MyDrive/wy_images/B83624_2021_22.png,23.854508419161395,137.0,0.7027,0.4761511376695013,92.53,0.1609326894,4.51,8.96
B83624,2022-23,0,2022-04-01,2023-03-31,272.0,17609,1.54,53.92506383953091,-1.8219216336376456,120.0,120,13473.0,13473,/content/drive/MyDrive/wy_images/B83624_2022_23.png,26.46790879305412,137.0,0.6965,0.4337708250976787,88.69,0.1314287724,-1.52,8.88
B83624,2023-24,0,2023-04-01,2024-03-31,273.0,17289,1.58,53.92506383953091,-1.8219216336376456,120.0,120,13473.0,13473,/content/drive/MyDrive/wy_images/B83624_2023_24.png,23.957128295965664,137.0,0.748,0.4544378809469086,91.23,0.1683244308,5.89,8.86
B83626,2019-20,0,2019-04-01,2020-03-31,83.0,6508,1.28,53.80393317462756,-1.7301577023498689,119.0,119,6511.0,6511,/content/drive/MyDrive/wy_images/B83626_2019_20.png,21.54439232344368,177.9,0.5584,0.4384879062284532,101.48,0.1642210529,2.93,32.72
B83626,2020-21,1,2020-04-01,2021-03-31,81.0,6538,1.24,53.80393317462756,-1.7301577023498689,119.0,119,6511.0,6511,/content/drive/MyDrive/wy_images/B83626_2020_21.png,23.315027760125385,177.9,0.5197,0.3799924293265916,92.86,0.1746482349,-6.59,32.57
B83626,2021-22,0,2021-04-01,2022-03-31,81.0,6509,1.24,53.80393317462756,-1.7301577023498689,119.0,119,6511.0,6511,/content/drive/MyDrive/wy_images/B83626_2021_22.png,21.75404395669544,177.9,0.4877,0.404091758216502,116.27,0.1585070874999999,4.43,32.58
B83626,2022-23,0,2022-04-01,2023-03-31,76.0,6515,1.17,53.80393317462756,-1.7301577023498689,119.0,119,6511.0,6511,/content/drive/MyDrive/wy_images/B83626_2022_23.png,23.31533545693097,177.9,0.4971,0.3709987726959319,104.56,0.1421586246999999,1.02,32.67
B83626,2023-24,0,2023-04-01,2024-03-31,68.0,6496,1.05,53.80393317462756,-1.7301577023498689,119.0,119,6511.0,6511,/content/drive/MyDrive/wy_images/B83626_2023_24.png,23.12897287753685,177.9,0.5526,0.4067531464031257,104.23,0.1767661293,3.01,32.52
B83627,2019-20,0,2019-04-01,2020-03-31,57.0,3764,1.51,53.81922107763301,-1.7730747882736153,169.0,169,3684.0,3684,/content/drive/MyDrive/wy_images/B83627_2019_20.png,22.267157234766145,127.3,0.5213,0.4437923282004137,101.1,0.1712781625,2.03,25.98
B83627,2020-21,1,2020-04-01,2021-03-31,54.0,3747,1.44,53.81922107763301,-1.7730747882736153,169.0,169,3684.0,3684,/content/drive/MyDrive/wy_images/B83627_2020_21.png,23.91537039372721,127.3,0.5187,0.4089923833601471,92.54,0.1727032473999999,-4.69,25.9
B83627,2021-22,0,2021-04-01,2022-03-31,54.0,3725,1.45,53.81922107763301,-1.7730747882736153,169.0,169,3684.0,3684,/content/drive/MyDrive/wy_images/B83627_2021_22.png,21.78428030458031,127.3,0.5511,0.5536617743047576,113.68,0.1665263717,5.62,25.79
B83627,2022-23,0,2022-04-01,2023-03-31,56.0,3703,1.51,53.81922107763301,-1.7730747882736153,169.0,169,3684.0,3684,/content/drive/MyDrive/wy_images/B83627_2022_23.png,25.84375991655628,127.3,0.5187,0.4070835256262928,100.66,0.1368348375,1.02,25.75
B83627,2023-24,0,2023-04-01,2024-03-31,59.0,3729,1.58,53.81922107763301,-1.7730747882736153,169.0,169,3684.0,3684,/content/drive/MyDrive/wy_images/B83627_2023_24.png,23.77221502344264,127.3,0.5623,0.426263874971271,103.12,0.1766792636,6.55,25.99
B83629,2019-20,0,2019-04-01,2020-03-31,68.0,3035,2.24,53.80530531189084,-1.7319046361273556,154.0,154,3078.0,3078,/content/drive/MyDrive/wy_images/B83629_2019_20.png,20.875869974585108,174.2,0.561,0.4391303102735003,101.49,0.1644494081,2.99,30.74
B83629,2020-21,1,2020-04-01,2021-03-31,76.0,3040,2.5,53.80530531189084,-1.7319046361273556,154.0,154,3078.0,3078,/content/drive/MyDrive/wy_images/B83629_2020_21.png,22.477828002747007,174.2,0.5266,0.385296851298552,92.87,0.1739701029,-6.4,30.9
B83629,2021-22,0,2021-04-01,2022-03-31,73.0,3082,2.37,53.80530531189084,-1.7319046361273556,154.0,154,3078.0,3078,/content/drive/MyDrive/wy_images/B83629_2021_22.png,20.825695998326225,174.2,0.4985,0.4126999724201333,115.93,0.158569476,4.58,30.8
B83629,2022-23,0,2022-04-01,2023-03-31,71.0,3078,2.31,53.80530531189084,-1.7319046361273556,154.0,154,3078.0,3078,/content/drive/MyDrive/wy_images/B83629_2022_23.png,23.018618073245257,174.2,0.507,0.3762848402666053,104.3,0.1417874461,0.93,30.95
B83629,2023-24,0,2023-04-01,2024-03-31,73.0,3177,2.3,53.80530531189084,-1.7319046361273556,154.0,154,3078.0,3078,/content/drive/MyDrive/wy_images/B83629_2023_24.png,22.76158700567382,174.2,0.5598,0.4108645322914273,104.05,0.1763776533,3.17,30.78
B83642,2019-20,0,2019-04-01,2020-03-31,60.0,3273,1.83,53.80610762856381,-1.7800517532640554,152.0,152,3753.0,3753,/content/drive/MyDrive/wy_images/B83642_2019_20.png,21.5746424070802,164.3,0.5244,0.4352575316019306,101.47,0.1724878302,2.0,37.42
B83642,2020-21,1,2020-04-01,2021-03-31,58.0,3499,1.66,53.80610762856381,-1.7800517532640554,152.0,152,3753.0,3753,/content/drive/MyDrive/wy_images/B83642_2020_21.png,22.39075280213161,164.3,0.525,0.4060740335555045,92.86,0.1713794084,-4.43,37.22
B83642,2021-22,0,2021-04-01,2022-03-31,51.0,3572,1.43,53.80610762856381,-1.7800517532640554,152.0,152,3753.0,3753,/content/drive/MyDrive/wy_images/B83642_2021_22.png,21.52075723661989,164.3,0.5521,0.5370510411399678,113.96,0.163285775,5.47,37.17
B83642,2022-23,0,2022-04-01,2023-03-31,53.0,3850,1.38,53.80610762856381,-1.7800517532640554,152.0,152,3753.0,3753,/content/drive/MyDrive/wy_images/B83642_2022_23.png,22.845536088604668,164.3,0.5225,0.4108278234888531,100.66,0.1387521904999999,0.98,36.61
B83642,2023-24,0,2023-04-01,2024-03-31,65.0,4293,1.51,53.80610762856381,-1.7800517532640554,152.0,152,3753.0,3753,/content/drive/MyDrive/wy_images/B83642_2023_24.png,20.565473767924207,164.3,0.5625,0.4200600873362445,103.09,0.1779306622,6.71,36.04
B83657,2019-20,0,2019-04-01,2020-03-31,55.0,5417,1.02,53.7931978528687,-1.75931028687082,216.0,216,5682.0,5682,/content/drive/MyDrive/wy_images/B83657_2019_20.png,30.43293103178004,150.7,0.4852,0.4241347644219719,102.81,0.1675387766,2.18,32.53
B83657,2020-21,1,2020-04-01,2021-03-31,72.0,5663,1.27,53.7931978528687,-1.75931028687082,216.0,216,5682.0,5682,/content/drive/MyDrive/wy_images/B83657_2020_21.png,30.180414089658857,150.7,0.4644,0.3639139737991266,94.24,0.1729709887999999,-5.23,31.82
B83657,2021-22,0,2021-04-01,2022-03-31,76.0,5823,1.31,53.7931978528687,-1.75931028687082,216.0,216,5682.0,5682,/content/drive/MyDrive/wy_images/B83657_2021_22.png,30.17745894700335,150.7,0.4495,0.4115987083429097,115.84,0.1627425357,4.97,30.39
B83657,2022-23,0,2022-04-01,2023-03-31,82.0,5749,1.43,53.7931978528687,-1.75931028687082,216.0,216,5682.0,5682,/content/drive/MyDrive/wy_images/B83657_2022_23.png,31.81019980436472,150.7,0.452,0.3635101769708113,103.85,0.1486626804,0.65,29.56
B83657,2023-24,0,2023-04-01,2024-03-31,85.0,5714,1.49,53.7931978528687,-1.75931028687082,216.0,216,5682.0,5682,/content/drive/MyDrive/wy_images/B83657_2023_24.png,28.85805508747384,150.7,0.4846,0.3783955964146173,104.23,0.1820373377,5.35,29.43
B83659,2019-20,0,2019-04-01,2020-03-31,65.0,3181,2.04,53.7908658758722,-1.7805659493206027,133.0,133,2723.0,2723,/content/drive/MyDrive/wy_images/B83659_2019_20.png,30.11386229363093,170.7,0.5493,0.4461416915651574,102.82,0.1637324199,2.18,33.08
B83659,2020-21,1,2020-04-01,2021-03-31,64.0,3320,1.93,53.7908658758722,-1.7805659493206027,133.0,133,2723.0,2723,/content/drive/MyDrive/wy_images/B83659_2020_21.png,29.93913390608561,170.7,0.5352,0.3988607538496898,93.87,0.1706148412,-4.45,32.84
B83659,2021-22,0,2021-04-01,2022-03-31,65.0,3506,1.85,53.7908658758722,-1.7805659493206027,133.0,133,2723.0,2723,/content/drive/MyDrive/wy_images/B83659_2021_22.png,30.4495700811091,170.7,0.5167,0.444783465869915,115.41,0.1577161814,4.8,32.74
B83659,2022-23,0,2022-04-01,2023-03-31,71.0,3564,1.99,53.7908658758722,-1.7805659493206027,133.0,133,2723.0,2723,/content/drive/MyDrive/wy_images/B83659_2022_23.png,33.1732053098722,170.7,0.5281,0.4002923971500804,103.1,0.148474746,0.59,32.87
B83659,2023-24,0,2023-04-01,2024-03-31,80.0,3749,2.13,53.7908658758722,-1.7805659493206027,133.0,133,2723.0,2723,/content/drive/MyDrive/wy_images/B83659_2023_24.png,32.09384570499309,170.7,0.5585,0.411708834750632,103.53,0.1730060954,5.11,32.58
B83661,2019-20,0,2019-04-01,2020-03-31,46.0,2908,1.58,53.79861377010724,-1.7234355227882034,111.0,111,2984.0,2984,/content/drive/MyDrive/wy_images/B83661_2019_20.png,24.91416856940087,177.6,0.5239,0.4164993334865548,101.91,0.1676870822999999,2.94,38.28
B83661,2020-21,1,2020-04-01,2021-03-31,45.0,2946,1.53,53.79861377010724,-1.7234355227882034,111.0,111,2984.0,2984,/content/drive/MyDrive/wy_images/B83661_2020_21.png,25.9967559951798,177.6,0.4738,0.3477253918639393,93.42,0.1750433494,-7.0,37.79
B83661,2021-22,0,2021-04-01,2022-03-31,45.0,2971,1.51,53.79861377010724,-1.7234355227882034,111.0,111,2984.0,2984,/content/drive/MyDrive/wy_images/B83661_2021_22.png,25.48284334434433,177.6,0.4428,0.3849114088715238,116.5,0.1609458818,5.08,38.04
B83661,2022-23,0,2022-04-01,2023-03-31,39.0,2995,1.3,53.79861377010724,-1.7234355227882034,111.0,111,2984.0,2984,/content/drive/MyDrive/wy_images/B83661_2022_23.png,26.115327184959664,177.6,0.4361,0.3439443851988049,105.21,0.1428411272,1.24,37.96
B83661,2023-24,0,2023-04-01,2024-03-31,38.0,2977,1.28,53.79861377010724,-1.7234355227882034,111.0,111,2984.0,2984,/content/drive/MyDrive/wy_images/B83661_2023_24.png,25.74664039615476,177.6,0.4983,0.3783221788094691,104.35,0.1765688361,3.26,37.93
B84001,2019-20,0,2019-04-01,2020-03-31,334.0,10013,3.34,53.70835034380848,-1.9151350773322828,99.0,99,10151.0,10151,/content/drive/MyDrive/wy_images/B84001_2019_20.png,24.92064586181661,157.8,0.589,0.4626239439209376,97.06,0.1655722899,3.47,13.27
B84001,2020-21,1,2020-04-01,2021-03-31,319.0,10183,3.13,53.70835034380848,-1.9151350773322828,99.0,99,10151.0,10151,/content/drive/MyDrive/wy_images/B84001_2020_21.png,28.44992929743496,157.8,0.6023,0.4164809790852677,92.67,0.1776757405,-2.21,13.14
B84001,2021-22,0,2021-04-01,2022-03-31,311.0,10188,3.05,53.70835034380848,-1.9151350773322828,99.0,99,10151.0,10151,/content/drive/MyDrive/wy_images/B84001_2021_22.png,26.86689703127725,157.8,0.5835,0.4407087887841875,108.6,0.14944262,3.98,13.06
B84001,2022-23,0,2022-04-01,2023-03-31,307.0,10168,3.02,53.70835034380848,-1.9151350773322828,99.0,99,10151.0,10151,/content/drive/MyDrive/wy_images/B84001_2022_23.png,29.265071614398376,157.8,0.5955,0.4306322224775913,99.14,0.1427772851,-0.14,13.08
B84001,2023-24,0,2023-04-01,2024-03-31,295.0,10210,2.89,53.70835034380848,-1.9151350773322828,99.0,99,10151.0,10151,/content/drive/MyDrive/wy_images/B84001_2023_24.png,28.60801581319464,157.8,0.6235,0.4318436129625373,101.75,0.1670885898,5.04,13.09
B84003,2019-20,0,2019-04-01,2020-03-31,198.0,8529,2.32,53.70613689202575,-1.782631952699356,49.0,49,8076.0,8076,/content/drive/MyDrive/wy_images/B84003_2019_20.png,24.37672327408601,110.0,0.6483,0.4689929211675477,105.41,0.16627751,3.06,9.93
B84003,2020-21,1,2020-04-01,2021-03-31,201.0,8285,2.43,53.70613689202575,-1.782631952699356,49.0,49,8076.0,8076,/content/drive/MyDrive/wy_images/B84003_2020_21.png,25.512725115460107,110.0,0.6723,0.4704612732705125,97.32,0.1644578738,-4.81,10.05
B84003,2021-22,0,2021-04-01,2022-03-31,191.0,8175,2.34,53.70613689202575,-1.782631952699356,49.0,49,8076.0,8076,/content/drive/MyDrive/wy_images/B84003_2021_22.png,21.6626782733254,110.0,0.6302,0.4958637646518041,114.99,0.1608737213,2.41,10.0
B84003,2022-23,0,2022-04-01,2023-03-31,186.0,8084,2.3,53.70613689202575,-1.782631952699356,49.0,49,8076.0,8076,/content/drive/MyDrive/wy_images/B84003_2022_23.png,23.78534777768522,110.0,0.6199,0.4223543874971271,103.4,0.145043,0.02,10.09
B84003,2023-24,0,2023-04-01,2024-03-31,205.0,7979,2.57,53.70613689202575,-1.782631952699356,49.0,49,8076.0,8076,/content/drive/MyDrive/wy_images/B84003_2023_24.png,23.126698043916992,110.0,0.6629,0.4493720661916801,105.83,0.1622606074,5.94,10.11
B84004,2019-20,0,2019-04-01,2020-03-31,327.0,18814,1.74,53.73806732290659,-1.9924251821992909,38.0,38,18606.0,18606,/content/drive/MyDrive/wy_images/B84004_2019_20.png,16.27597553260672,217.8,0.6938,0.472149878188922,93.95,0.1686476943,3.02,5.55
B84004,2020-21,1,2020-04-01,2021-03-31,322.0,18763,1.72,53.73806732290659,-1.9924251821992909,38.0,38,18606.0,18606,/content/drive/MyDrive/wy_images/B84004_2020_21.png,19.54544158837913,217.8,0.6823,0.4258784325442427,89.38,0.1781424791,-3.28,5.53
B84004,2021-22,0,2021-04-01,2022-03-31,319.0,18642,1.71,53.73806732290659,-1.9924251821992909,38.0,38,18606.0,18606,/content/drive/MyDrive/wy_images/B84004_2021_22.png,17.001772280776954,217.8,0.7017,0.4995162905079292,104.15,0.1528527951,2.46,5.49
B84004,2022-23,0,2022-04-01,2023-03-31,324.0,18613,1.74,53.73806732290659,-1.9924251821992909,38.0,38,18606.0,18606,/content/drive/MyDrive/wy_images/B84004_2022_23.png,19.063359348202013,217.8,0.6925,0.450877127097219,94.49,0.1324791577,-0.42,5.46
B84004,2023-24,0,2023-04-01,2024-03-31,318.0,18466,1.72,53.73806732290659,-1.9924251821992909,38.0,38,18606.0,18606,/content/drive/MyDrive/wy_images/B84004_2023_24.png,18.62374065614311,217.8,0.7449,0.4669372282233969,98.07,0.1664629816,5.87,5.49
B84005,2019-20,0,2019-04-01,2020-03-31,187.0,10486,1.78,53.71133894535293,-1.8666800196646656,112.0,112,9662.0,9662,/content/drive/MyDrive/wy_images/B84005_2019_20.png,16.752568869093295,157.1,0.5409,0.4297328568145254,100.97,0.1645168403,4.26,16.78
B84005,2020-21,1,2020-04-01,2021-03-31,191.0,10466,1.82,53.71133894535293,-1.8666800196646656,112.0,112,9662.0,9662,/content/drive/MyDrive/wy_images/B84005_2020_21.png,18.2803409160746,157.1,0.5599,0.4065145391863939,94.29,0.1709619182,-2.83,16.67
B84005,2021-22,0,2021-04-01,2022-03-31,196.0,10310,1.9,53.71133894535293,-1.8666800196646656,112.0,112,9662.0,9662,/content/drive/MyDrive/wy_images/B84005_2021_22.png,17.682747103818322,157.1,0.542,0.4401030935417145,111.25,0.1508830153,4.87,16.67
B84005,2022-23,0,2022-04-01,2023-03-31,214.0,9832,2.18,53.71133894535293,-1.8666800196646656,112.0,112,9662.0,9662,/content/drive/MyDrive/wy_images/B84005_2022_23.png,20.23143136178753,157.1,0.5373,0.4005310043668122,101.33,0.150502557,0.69,16.72
B84006,2019-20,0,2019-04-01,2020-03-31,457.0,13627,3.35,53.71755531231094,-2.1026002866001208,24.0,24,13224.0,13224,/content/drive/MyDrive/wy_images/B84006_2019_20.png,19.588942268301626,224.9,0.6001,0.4315132337393703,94.28,0.1654045807,1.85,5.57
B84006,2020-21,1,2020-04-01,2021-03-31,457.0,13607,3.36,53.71755531231094,-2.1026002866001208,24.0,24,13224.0,13224,/content/drive/MyDrive/wy_images/B84006_2020_21.png,21.87438418673284,224.9,0.5629,0.3882335555044817,88.88,0.157836586,-1.71,5.53
B84006,2021-22,0,2021-04-01,2022-03-31,459.0,13394,3.43,53.71755531231094,-2.1026002866001208,24.0,24,13224.0,13224,/content/drive/MyDrive/wy_images/B84006_2021_22.png,19.72847621908326,224.9,0.5789,0.4751967088025741,104.04,0.1542660491,-1.14,5.53
B84006,2022-23,0,2022-04-01,2023-03-31,444.0,13275,3.34,53.71755531231094,-2.1026002866001208,24.0,24,13224.0,13224,/content/drive/MyDrive/wy_images/B84006_2022_23.png,23.29015142859156,224.9,0.578,0.4034493541714548,95.06,0.1252552466,-1.03,5.52
B84006,2023-24,0,2023-04-01,2024-03-31,433.0,13389,3.23,53.71755531231094,-2.1026002866001208,24.0,24,13224.0,13224,/content/drive/MyDrive/wy_images/B84006_2023_24.png,23.1349521955462,224.9,0.6262,0.4034309997701678,98.69,0.1554472133,4.71,5.53
B84007,2019-20,0,2019-04-01,2020-03-31,157.0,10628,1.48,53.6786028906621,-1.9382782711123776,38.0,38,10527.0,10527,/content/drive/MyDrive/wy_images/B84007_2019_20.png,16.713694308699527,218.5,0.6513,0.4397910687198345,96.58,0.1705430245999999,2.27,4.71
B84007,2020-21,1,2020-04-01,2021-03-31,158.0,10553,1.5,53.6786028906621,-1.9382782711123776,38.0,38,10527.0,10527,/content/drive/MyDrive/wy_images/B84007_2020_21.png,19.03391205894654,218.5,0.6575,0.4076341576649046,92.52,0.17315096,-1.07,4.72
B84007,2021-22,0,2021-04-01,2022-03-31,153.0,10421,1.47,53.6786028906621,-1.9382782711123776,38.0,38,10527.0,10527,/content/drive/MyDrive/wy_images/B84007_2021_22.png,17.493375397035713,218.5,0.6794,0.4901555458515284,107.13,0.1551189337,2.49,4.81
B84007,2022-23,0,2022-04-01,2023-03-31,170.0,10529,1.61,53.6786028906621,-1.9382782711123776,38.0,38,10527.0,10527,/content/drive/MyDrive/wy_images/B84007_2022_23.png,20.985843054473747,218.5,0.6692,0.4312929809239255,99.5,0.1405200125,-0.49,4.84
B84007,2023-24,0,2023-04-01,2024-03-31,177.0,10602,1.67,53.6786028906621,-1.9382782711123776,38.0,38,10527.0,10527,/content/drive/MyDrive/wy_images/B84007_2023_24.png,20.531848255724487,218.5,0.7354,0.4683505171225006,102.33,0.1585185005,5.08,4.8
B84008,2019-20,0,2019-04-01,2020-03-31,243.0,15547,1.56,53.733802156112496,-1.811553566736816,37.0,37,15681.0,15681,/content/drive/MyDrive/wy_images/B84008_2019_20.png,18.2774970667202,182.5,0.6837,0.4779131601930591,103.92,0.1632610994,2.44,6.83
B84008,2020-21,1,2020-04-01,2021-03-31,231.0,15528,1.49,53.733802156112496,-1.811553566736816,37.0,37,15681.0,15681,/content/drive/MyDrive/wy_images/B84008_2020_21.png,20.82322091646144,182.5,0.7017,0.469690388416456,96.28,0.1642079732,-5.13,6.85
B84008,2021-22,0,2021-04-01,2022-03-31,235.0,15563,1.51,53.733802156112496,-1.811553566736816,37.0,37,15681.0,15681,/content/drive/MyDrive/wy_images/B84008_2021_22.png,18.267939548454244,182.5,0.6773,0.5012966674327741,112.91,0.1533159091,4.09,6.9
B84008,2022-23,0,2022-04-01,2023-03-31,226.0,15683,1.44,53.733802156112496,-1.811553566736816,37.0,37,15681.0,15681,/content/drive/MyDrive/wy_images/B84008_2022_23.png,20.446945878544785,182.5,0.6563,0.4291088071707653,101.7,0.1416110257999999,-0.47,6.88
B84008,2023-24,0,2023-04-01,2024-03-31,223.0,15868,1.41,53.733802156112496,-1.811553566736816,37.0,37,15681.0,15681,/content/drive/MyDrive/wy_images/B84008_2023_24.png,21.814453917692788,182.5,0.7266,0.4729941806481268,103.43,0.1616160885999999,4.86,6.93
B84009,2019-20,0,2019-04-01,2020-03-31,271.0,11368,2.38,53.67903242984138,-1.8679061992330488,39.0,39,11474.0,11474,/content/drive/MyDrive/wy_images/B84009_2019_20.png,19.698301627084778,164.9,0.5833,0.4491701677775224,101.3,0.1702787835,3.42,7.43
B84009,2020-21,1,2020-04-01,2021-03-31,285.0,11429,2.49,53.67903242984138,-1.8679061992330488,39.0,39,11474.0,11474,/content/drive/MyDrive/wy_images/B84009_2020_21.png,22.815659270078303,164.9,0.6079,0.4287784279475982,94.63,0.1645436327999999,0.27,7.42
B84009,2021-22,0,2021-04-01,2022-03-31,271.0,11423,2.37,53.67903242984138,-1.8679061992330488,39.0,39,11474.0,11474,/content/drive/MyDrive/wy_images/B84009_2021_22.png,21.204227002574733,164.9,0.5997,0.4610454654102505,110.64,0.1632025635,2.44,7.44
B84009,2022-23,0,2022-04-01,2023-03-31,256.0,11537,2.22,53.67903242984138,-1.8679061992330488,39.0,39,11474.0,11474,/content/drive/MyDrive/wy_images/B84009_2022_23.png,22.126974474584564,164.9,0.5972,0.4222075522868306,101.46,0.149982942,1.0,7.45
B84009,2023-24,0,2023-04-01,2024-03-31,267.0,11535,2.31,53.67903242984138,-1.8679061992330488,39.0,39,11474.0,11474,/content/drive/MyDrive/wy_images/B84009_2023_24.png,23.463111340117383,164.9,0.633,0.4227214755228683,104.1,0.1595922852,5.33,7.44
B84010,2019-20,0,2019-04-01,2020-03-31,322.0,10461,3.08,53.75257288394784,-1.8875359058072991,139.0,139,10659.0,10659,/content/drive/MyDrive/wy_images/B84010_2019_20.png,20.23135872159612,259.4,0.606,0.4640555872213284,97.62,0.1628223214999999,2.52,14.57
B84010,2020-21,1,2020-04-01,2021-03-31,328.0,10524,3.12,53.75257288394784,-1.8875359058072991,139.0,139,10659.0,10659,/content/drive/MyDrive/wy_images/B84010_2020_21.png,23.362705205483262,259.4,0.6341,0.430834120891749,90.71,0.1705163094,-5.41,14.61
B84010,2021-22,0,2021-04-01,2022-03-31,323.0,10657,3.03,53.75257288394784,-1.8875359058072991,139.0,139,10659.0,10659,/content/drive/MyDrive/wy_images/B84010_2021_22.png,21.650409629390246,259.4,0.6299,0.4923397196046886,107.58,0.1383887842999999,4.39,14.66
B84010,2022-23,0,2022-04-01,2023-03-31,309.0,10699,2.89,53.75257288394784,-1.8875359058072991,139.0,139,10659.0,10659,/content/drive/MyDrive/wy_images/B84010_2022_23.png,23.036427098632657,259.4,0.6039,0.4308891840956102,99.74,0.1465982199,-0.01,14.64
B84010,2023-24,0,2023-04-01,2024-03-31,303.0,10552,2.87,53.75257288394784,-1.8875359058072991,139.0,139,10659.0,10659,/content/drive/MyDrive/wy_images/B84010_2023_24.png,23.11643178285576,259.4,0.6673,0.4584024316249138,99.99,0.1597083269999999,5.97,14.56
B84011,2019-20,0,2019-04-01,2020-03-31,245.0,11629,2.11,53.70469754011638,-1.783718462352319,93.0,93,11342.0,11342,/content/drive/MyDrive/wy_images/B84011_2019_20.png,24.16667819487055,114.0,0.6492,0.4695068444035854,105.36,0.166373939,3.08,9.95
B84011,2020-21,1,2020-04-01,2021-03-31,267.0,11562,2.31,53.70469754011638,-1.783718462352319,93.0,93,11342.0,11342,/content/drive/MyDrive/wy_images/B84011_2020_21.png,25.472748394514003,114.0,0.6754,0.4706815260859572,97.25,0.1647453237,-4.6,9.95
B84011,2021-22,0,2021-04-01,2022-03-31,253.0,11488,2.2,53.70469754011638,-1.783718462352319,93.0,93,11342.0,11342,/content/drive/MyDrive/wy_images/B84011_2021_22.png,22.3313766289812,114.0,0.6325,0.4934593380831993,114.98,0.1613565968,2.37,9.82
B84011,2022-23,0,2022-04-01,2023-03-31,242.0,11367,2.13,53.70469754011638,-1.783718462352319,93.0,93,11342.0,11342,/content/drive/MyDrive/wy_images/B84011_2022_23.png,24.58465526701529,114.0,0.6212,0.4213632498276258,103.5,0.1460755376,0.06,9.84
B84011,2023-24,0,2023-04-01,2024-03-31,240.0,11181,2.15,53.70469754011638,-1.783718462352319,93.0,93,11342.0,11342,/content/drive/MyDrive/wy_images/B84011_2023_24.png,23.77234626827073,114.0,0.6596,0.4451689082969432,105.73,0.1627571465999999,5.92,9.84
B84012,2019-20,0,2019-04-01,2020-03-31,311.0,19654,1.58,53.72205166312406,-1.8780450738763028,125.0,125,19289.0,19289,/content/drive/MyDrive/wy_images/B84012_2019_20.png,31.956382832622605,211.3,0.5352,0.4319353849689726,99.68,0.1625054218,4.2,24.25
B84012,2020-21,1,2020-04-01,2021-03-31,301.0,19526,1.54,53.72205166312406,-1.8780450738763028,125.0,125,19289.0,19289,/content/drive/MyDrive/wy_images/B84012_2020_21.png,33.50125587716747,211.3,0.5513,0.4001088531372098,93.66,0.1738722573,-3.11,24.3
B84012,2021-22,0,2021-04-01,2022-03-31,294.0,19652,1.5,53.72205166312406,-1.8780450738763028,125.0,125,19289.0,19289,/content/drive/MyDrive/wy_images/B84012_2021_22.png,34.80045709876106,211.3,0.5282,0.4283379223167088,110.59,0.1475847484,5.12,24.43
B84012,2022-23,0,2022-04-01,2023-03-31,295.0,19690,1.5,53.72205166312406,-1.8780450738763028,125.0,125,19289.0,19289,/content/drive/MyDrive/wy_images/B84012_2022_23.png,35.039882038777854,211.3,0.5246,0.3994664490921627,100.95,0.1495939215999999,0.32,24.45
B84012,2023-24,0,2023-04-01,2024-03-31,509.0,28970,1.76,53.72205166312406,-1.8780450738763028,125.0,125,19289.0,19289,/content/drive/MyDrive/wy_images/B84012_2023_24.png,33.10037053380085,211.3,0.5641,0.3991911330728568,102.37,0.1668279864,3.98,22.11
B84013,2019-20,0,2019-04-01,2020-03-31,254.0,8919,2.85,53.73167760447591,-1.8965168874172185,84.0,84,8758.0,8758,/content/drive/MyDrive/wy_images/B84013_2019_20.png,16.30310266810812,239.0,0.5473,0.4465087795908985,97.7,0.1620566365,3.57,15.99
B84013,2020-21,1,2020-04-01,2021-03-31,255.0,8838,2.89,53.73167760447591,-1.8965168874172185,84.0,84,8758.0,8758,/content/drive/MyDrive/wy_images/B84013_2020_21.png,19.461791504341264,239.0,0.569,0.4034860629740289,92.04,0.175070908,-3.53,15.91
B84013,2021-22,0,2021-04-01,2022-03-31,243.0,8819,2.76,53.73167760447591,-1.8965168874172185,84.0,84,8758.0,8758,/content/drive/MyDrive/wy_images/B84013_2021_22.png,17.518062990990515,239.0,0.5515,0.4376986669731096,108.88,0.1432292831,4.53,15.97
B84013,2022-23,0,2022-04-01,2023-03-31,254.0,8820,2.88,53.73167760447591,-1.8965168874172185,84.0,84,8758.0,8758,/content/drive/MyDrive/wy_images/B84013_2022_23.png,19.86566691648483,239.0,0.5443,0.4100752930360837,99.97,0.147242289,-0.12,16.01
B84013,2023-24,0,2023-04-01,2024-03-31,250.0,8992,2.78,53.73167760447591,-1.8965168874172185,84.0,84,8758.0,8758,/content/drive/MyDrive/wy_images/B84013_2023_24.png,19.275161658740043,239.0,0.5863,0.4193993288899104,101.24,0.165311202,5.21,16.05
B84014,2019-20,0,2019-04-01,2020-03-31,97.0,4787,2.03,53.68855674876848,-1.7904064985221673,54.0,54,5075.0,5075,/content/drive/MyDrive/wy_images/B84014_2019_20.png,16.717538755078895,134.6,0.6488,0.46879102275339,105.36,0.1680534198,2.76,11.26
B84014,2020-21,1,2020-04-01,2021-03-31,96.0,4732,2.03,53.68855674876848,-1.7904064985221673,54.0,54,5075.0,5075,/content/drive/MyDrive/wy_images/B84014_2020_21.png,18.072214706626102,134.6,0.6935,0.4685524155366582,96.73,0.1672393989999999,-3.27,11.22
B84014,2021-22,0,2021-04-01,2022-03-31,94.0,4899,1.92,53.68855674876848,-1.7904064985221673,54.0,54,5075.0,5075,/content/drive/MyDrive/wy_images/B84014_2021_22.png,16.330227754284614,134.6,0.6285,0.4655239393242932,115.48,0.166378555,1.13,11.14
B84014,2022-23,0,2022-04-01,2023-03-31,99.0,5079,1.95,53.68855674876848,-1.7904064985221673,54.0,54,5075.0,5075,/content/drive/MyDrive/wy_images/B84014_2022_23.png,19.332631989905806,134.6,0.6053,0.4017056860491841,104.82,0.1545590199999999,0.71,11.04
B84014,2023-24,0,2023-04-01,2024-03-31,94.0,5186,1.81,53.68855674876848,-1.7904064985221673,54.0,54,5075.0,5075,/content/drive/MyDrive/wy_images/B84014_2023_24.png,18.958181483719788,134.6,0.5912,0.3866183681912204,105.44,0.1660930676,5.85,10.85
B84016,2019-20,0,2019-04-01,2020-03-31,278.0,10377,2.68,53.68634342886198,-1.8383152186373304,146.0,146,10817.0,10817,/content/drive/MyDrive/wy_images/B84016_2019_20.png,27.400322730140942,131.0,0.5008,0.4812720156285911,103.69,0.1709291282,3.93,8.45
B84016,2020-21,1,2020-04-01,2021-03-31,276.0,10518,2.62,53.68634342886198,-1.8383152186373304,146.0,146,10817.0,10817,/content/drive/MyDrive/wy_images/B84016_2020_21.png,30.22678100178431,131.0,0.5182,0.3988240450471156,95.55,0.1593860694,-1.8,8.48
B84016,2021-22,0,2021-04-01,2022-03-31,271.0,10628,2.55,53.68634342886198,-1.8383152186373304,146.0,146,10817.0,10817,/content/drive/MyDrive/wy_images/B84016_2021_22.png,30.075647063555977,131.0,0.5038,0.4371847437370719,113.23,0.1649487017,2.07,8.45
B84016,2022-23,0,2022-04-01,2023-03-31,286.0,10937,2.61,53.68634342886198,-1.8383152186373304,146.0,146,10817.0,10817,/content/drive/MyDrive/wy_images/B84016_2022_23.png,32.38973364329778,131.0,0.5229,0.4177107239715008,103.33,0.1556607348,1.4,8.52
B84016,2023-24,0,2023-04-01,2024-03-31,287.0,11057,2.6,53.68634342886198,-1.8383152186373304,146.0,146,10817.0,10817,/content/drive/MyDrive/wy_images/B84016_2023_24.png,30.9307363490345,131.0,0.5413,0.3760462330498736,104.46,0.1663227272,4.61,8.59
B84019,2019-20,0,2019-04-01,2020-03-31,255.0,15278,1.67,53.71781054388308,-1.876847250368913,134.0,134,14231.0,14231,/content/drive/MyDrive/wy_images/B84019_2019_20.png,24.383731427389577,183.8,0.5135,0.4184081912204091,100.06,0.1636165171,4.48,22.96
B84019,2020-21,1,2020-04-01,2021-03-31,251.0,15366,1.63,53.71781054388308,-1.876847250368913,134.0,134,14231.0,14231,/content/drive/MyDrive/wy_images/B84019_2020_21.png,25.678323651537017,183.8,0.5293,0.3974841737531602,93.61,0.1744386869,-3.05,23.07
B84019,2021-22,0,2021-04-01,2022-03-31,228.0,15516,1.47,53.71781054388308,-1.876847250368913,134.0,134,14231.0,14231,/content/drive/MyDrive/wy_images/B84019_2021_22.png,26.80368280993233,183.8,0.5067,0.4264290645828545,111.12,0.1485300545,5.36,22.97
B84019,2022-23,0,2022-04-01,2023-03-31,225.0,15703,1.43,53.71781054388308,-1.876847250368913,134.0,134,14231.0,14231,/content/drive/MyDrive/wy_images/B84019_2022_23.png,27.598614345144068,183.8,0.5085,0.3934462054700069,101.34,0.1506568404,0.68,22.88
B84019,2023-24,0,2023-04-01,2024-03-31,237.0,16606,1.43,53.71781054388308,-1.876847250368913,134.0,134,14231.0,14231,/content/drive/MyDrive/wy_images/B84019_2023_24.png,26.73681166414517,183.8,0.5419,0.3886924155366582,102.56,0.1670718246,3.7,22.75
B84021,2019-20,0,2019-04-01,2020-03-31,206.0,8405,2.45,53.716214456030585,-1.8873320982504924,100.0,100,8631.0,8631,/content/drive/MyDrive/wy_images/B84021_2019_20.png,21.99592546533883,183.1,0.5182,0.4276588094690876,98.99,0.1630698745,4.37,22.68
B84021,2020-21,1,2020-04-01,2021-03-31,218.0,8524,2.56,53.716214456030585,-1.8873320982504924,100.0,100,8631.0,8631,/content/drive/MyDrive/wy_images/B84021_2020_21.png,23.730232123038032,183.1,0.5331,0.3939417743047575,93.37,0.1756778282999999,-2.69,22.76
B84021,2021-22,0,2021-04-01,2022-03-31,206.0,8637,2.39,53.716214456030585,-1.8873320982504924,100.0,100,8631.0,8631,/content/drive/MyDrive/wy_images/B84021_2021_22.png,25.63150913901692,183.1,0.5078,0.4185917352332797,110.29,0.147974929,5.09,22.95
B84021,2022-23,0,2022-04-01,2023-03-31,204.0,8795,2.32,53.716214456030585,-1.8873320982504924,100.0,100,8631.0,8631,/content/drive/MyDrive/wy_images/B84021_2022_23.png,26.62714029645388,183.1,0.5091,0.3979063249827625,100.75,0.1499037898,0.39,23.34
B84021,2023-24,0,2023-04-01,2024-03-31,188.0,8854,2.12,53.716214456030585,-1.8873320982504924,100.0,100,8631.0,8631,/content/drive/MyDrive/wy_images/B84021_2023_24.png,24.989271312590592,183.1,0.5384,0.388912668352103,102.26,0.1670410349,4.03,23.58
B84612,2019-20,0,2019-04-01,2020-03-31,210.0,8366,2.51,53.73196511875406,-1.877554350421804,119.0,119,7705.0,7705,/content/drive/MyDrive/wy_images/B84612_2019_20.png,29.57259469812801,207.4,0.5604,0.4461049827625832,99.58,0.1633107996,3.37,22.04
B84612,2020-21,1,2020-04-01,2021-03-31,210.0,8323,2.52,53.73196511875406,-1.877554350421804,119.0,119,7705.0,7705,/content/drive/MyDrive/wy_images/B84612_2020_21.png,32.96078654502491,207.4,0.5792,0.4153980694093312,92.63,0.1724167318,-4.44,21.97
B84612,2021-22,0,2021-04-01,2022-03-31,199.0,8660,2.3,53.73196511875406,-1.877554350421804,119.0,119,7705.0,7705,/content/drive/MyDrive/wy_images/B84612_2021_22.png,30.889146041527606,207.4,0.5645,0.4627891335325212,110.25,0.1441501904,5.18,21.76
B84612,2022-23,0,2022-04-01,2023-03-31,201.0,8877,2.26,53.73196511875406,-1.877554350421804,119.0,119,7705.0,7705,/content/drive/MyDrive/wy_images/B84612_2022_23.png,32.880582230029866,207.4,0.5568,0.416260726269823,101.26,0.1492215015,0.42,21.51
B84612,2023-24,0,2023-04-01,2024-03-31,197.0,8948,2.2,53.73196511875406,-1.877554350421804,119.0,119,7705.0,7705,/content/drive/MyDrive/wy_images/B84612_2023_24.png,30.57344429134908,207.4,0.6034,0.4232904619627672,101.8,0.1647356096,4.36,21.46
B84613,2019-20,0,2019-04-01,2020-03-31,303.0,9039,3.35,53.74381478853734,-1.8836151464791733,163.0,163,9387.0,9387,/content/drive/MyDrive/wy_images/B84613_2019_20.png,22.14321628703316,228.6,0.599,0.4667169754079522,98.53,0.1634049644,2.45,18.05
B84613,2020-21,1,2020-04-01,2021-03-31,306.0,9158,3.34,53.74381478853734,-1.8836151464791733,163.0,163,9387.0,9387,/content/drive/MyDrive/wy_images/B84613_2020_21.png,25.065096818979665,228.6,0.6247,0.4286315927373018,91.44,0.1709033861,-5.26,17.95
B84613,2021-22,0,2021-04-01,2022-03-31,300.0,9395,3.19,53.74381478853734,-1.8836151464791733,163.0,163,9387.0,9387,/content/drive/MyDrive/wy_images/B84613_2021_22.png,23.853676381458246,228.6,0.6214,0.4945606021604228,108.35,0.1388410484,4.72,17.82
B84613,2022-23,0,2022-04-01,2023-03-31,299.0,9461,3.16,53.74381478853734,-1.8836151464791733,163.0,163,9387.0,9387,/content/drive/MyDrive/wy_images/B84613_2022_23.png,25.591333679414245,228.6,0.5965,0.4322290553895656,100.34,0.1480845370999999,0.03,17.75
B84613,2023-24,0,2023-04-01,2024-03-31,330.0,9816,3.36,53.74381478853734,-1.8836151464791733,163.0,163,9387.0,9387,/content/drive/MyDrive/wy_images/B84613_2023_24.png,26.76003703981679,228.6,0.6608,0.4540157297173064,100.47,0.1599197161999999,5.66,17.7
B84618,2019-20,0,2019-04-01,2020-03-31,268.0,8997,2.98,53.74442861672794,-1.868885510110294,141.0,141,8704.0,8704,/content/drive/MyDrive/wy_images/B84618_2019_20.png,23.73384645586971,238.2,0.6358,0.4704245644679384,99.79,0.1643598195999999,2.58,12.29
B84618,2020-21,1,2020-04-01,2021-03-31,280.0,8941,3.13,53.74442861672794,-1.868885510110294,141.0,141,8704.0,8704,/content/drive/MyDrive/wy_images/B84618_2020_21.png,28.643139084448848,238.2,0.6558,0.4425809377154677,92.49,0.1724205580999999,-5.13,12.35
B84618,2021-22,0,2021-04-01,2022-03-31,273.0,8815,3.1,53.74442861672794,-1.868885510110294,141.0,141,8704.0,8704,/content/drive/MyDrive/wy_images/B84618_2021_22.png,22.41935405106032,238.2,0.6466,0.496396042289129,109.4,0.1438199347,4.56,12.31
B84618,2022-23,0,2022-04-01,2023-03-31,280.0,8822,3.17,53.74442861672794,-1.868885510110294,141.0,141,8704.0,8704,/content/drive/MyDrive/wy_images/B84618_2022_23.png,25.06341316435901,238.2,0.6232,0.4351474051942082,100.31,0.1460836453,-0.09,12.43
B84618,2023-24,0,2023-04-01,2024-03-31,275.0,8686,3.17,53.74442861672794,-1.868885510110294,141.0,141,8704.0,8704,/content/drive/MyDrive/wy_images/B84618_2023_24.png,25.81896353390922,238.2,0.6799,0.456328384279476,100.96,0.1613154094,5.23,12.32
B84623,2019-20,0,2019-04-01,2020-03-31,86.0,4470,1.92,53.693249171105904,-1.790145827828681,57.0,57,4693.0,4693,/content/drive/MyDrive/wy_images/B84623_2019_20.png,24.115432148967844,117.5,0.6476,0.4691397563778441,105.35,0.167997138,2.78,12.09
B84623,2020-21,1,2020-04-01,2021-03-31,85.0,4544,1.87,53.693249171105904,-1.790145827828681,57.0,57,4693.0,4693,/content/drive/MyDrive/wy_images/B84623_2020_21.png,24.820302620829164,117.5,0.6909,0.4678365938864629,96.73,0.1668352669999999,-3.43,12.09
B84623,2021-22,0,2021-04-01,2022-03-31,83.0,4533,1.83,53.693249171105904,-1.790145827828681,57.0,57,4693.0,4693,/content/drive/MyDrive/wy_images/B84623_2021_22.png,24.04182351747612,117.5,0.6275,0.466973937025971,115.43,0.1660631219,1.24,12.04
B84623,2022-23,0,2022-04-01,2023-03-31,95.0,4695,2.02,53.693249171105904,-1.790145827828681,57.0,57,4693.0,4693,/content/drive/MyDrive/wy_images/B84623_2022_23.png,26.96511758884308,117.5,0.6083,0.4038531509997701,104.76,0.1540824157999999,0.64,12.17
B84623,2023-24,0,2023-04-01,2024-03-31,96.0,4812,2.0,53.693249171105904,-1.790145827828681,57.0,57,4693.0,4693,/content/drive/MyDrive/wy_images/B84623_2023_24.png,25.49873993770225,117.5,0.5944,0.3888208963456676,105.48,0.1659525111,5.77,12.19
B86001,2019-20,0,2019-04-01,2020-03-31,97.0,2467,3.93,53.74713122681281,-1.601021918212479,71.0,71,2372.0,2372,/content/drive/MyDrive/wy_images/B86001_2019_20.png,24.17248763227661,130.8,0.4445,0.3825987543093542,111.2,0.1589893766,7.85,17.21
B86001,2020-21,1,2020-04-01,2021-03-31,95.0,2421,3.92,53.74713122681281,-1.601021918212479,71.0,71,2372.0,2372,/content/drive/MyDrive/wy_images/B86001_2020_21.png,25.470931502156123,130.8,0.4488,0.3445317260399908,100.91,0.163872953,-4.33,16.85
B86001,2021-22,0,2021-04-01,2022-03-31,89.0,2438,3.65,53.74713122681281,-1.601021918212479,71.0,71,2372.0,2372,/content/drive/MyDrive/wy_images/B86001_2021_22.png,26.11161284216903,130.8,0.4644,0.4144619949436911,122.45,0.1496564016999999,5.49,16.76
B86001,2022-23,0,2022-04-01,2023-03-31,80.0,2376,3.37,53.74713122681281,-1.601021918212479,71.0,71,2372.0,2372,/content/drive/MyDrive/wy_images/B86001_2022_23.png,27.70280170017562,130.8,0.4197,0.3335925028729027,111.96,0.1541461412999999,-2.29,16.58
B86002,2019-20,0,2019-04-01,2020-03-31,391.0,15193,2.57,53.77620417470974,-1.5569906707231778,74.0,74,14298.0,14298,/content/drive/MyDrive/wy_images/B86002_2019_20.png,16.40724990127102,54.6,0.4867,0.4673043162491381,110.87,0.1580779048999999,7.92,28.34
B86002,2020-21,1,2020-04-01,2021-03-31,372.0,14928,2.49,53.77620417470974,-1.5569906707231778,74.0,74,14298.0,14298,/content/drive/MyDrive/wy_images/B86002_2020_21.png,17.156407486444966,54.6,0.4758,0.3386032544242703,102.3,0.1746224537,-2.22,28.42
B86002,2021-22,0,2021-04-01,2022-03-31,341.0,14843,2.3,53.77620417470974,-1.5569906707231778,74.0,74,14298.0,14298,/content/drive/MyDrive/wy_images/B86002_2021_22.png,17.416095618230784,54.6,0.5183,0.63488,126.02,0.1525628134999999,7.92,28.37
B86002,2022-23,0,2022-04-01,2023-03-31,323.0,15013,2.15,53.77620417470974,-1.5569906707231778,74.0,74,14298.0,14298,/content/drive/MyDrive/wy_images/B86002_2022_23.png,18.17133090864067,54.6,0.4495,0.3487348839347276,114.15,0.1425679895,-1.86,28.44
B86002,2023-24,0,2023-04-01,2024-03-31,313.0,15467,2.02,53.77620417470974,-1.5569906707231778,74.0,74,14298.0,14298,/content/drive/MyDrive/wy_images/B86002_2023_24.png,17.845785889491694,54.6,0.5044,0.3649601746724891,111.3,0.1745110779,4.8,28.41
B86003,2019-20,0,2019-04-01,2020-03-31,384.0,15422,2.49,53.79747467078678,-1.6009839154979797,361.0,361,16828.0,16828,/content/drive/MyDrive/wy_images/B86003_2019_20.png,27.02739437708849,84.2,0.4261,0.3747430705584923,107.17,0.1646893696,7.54,23.0
B86003,2020-21,1,2020-04-01,2021-03-31,362.0,15697,2.31,53.79747467078678,-1.6009839154979797,361.0,361,16828.0,16828,/content/drive/MyDrive/wy_images/B86003_2020_21.png,28.006443919016544,84.2,0.4232,0.3372266743277408,99.16,0.1698764169999999,-4.39,23.01
B86003,2021-22,0,2021-04-01,2022-03-31,338.0,16419,2.06,53.79747467078678,-1.6009839154979797,361.0,361,16828.0,16828,/content/drive/MyDrive/wy_images/B86003_2021_22.png,28.77202771094071,84.2,0.4235,0.419894897724661,121.67,0.1544405276,5.66,23.04
B86003,2022-23,0,2022-04-01,2023-03-31,342.0,16882,2.03,53.79747467078678,-1.6009839154979797,361.0,361,16828.0,16828,/content/drive/MyDrive/wy_images/B86003_2022_23.png,28.76211121511442,84.2,0.4133,0.331243139508159,110.77,0.1441615960999999,-1.53,23.11
B86003,2023-24,0,2023-04-01,2024-03-31,324.0,17101,1.89,53.79747467078678,-1.6009839154979797,361.0,361,16828.0,16828,/content/drive/MyDrive/wy_images/B86003_2023_24.png,27.58586494911037,84.2,0.4434,0.3684842197196046,108.45,0.1790628593999999,1.64,23.13
B86004,2019-20,0,2019-04-01,2020-03-31,144.0,8054,1.79,53.85415070601147,-1.608485674917693,52.0,52,8201.0,8201,/content/drive/MyDrive/wy_images/B86004_2019_20.png,20.364312374379008,153.8,0.6805,0.4682770995173524,98.89,0.1548712675999999,5.39,14.18
B86004,2020-21,1,2020-04-01,2021-03-31,137.0,8016,1.71,53.85415070601147,-1.608485674917693,52.0,52,8201.0,8201,/content/drive/MyDrive/wy_images/B86004_2020_21.png,23.146414801038667,153.8,0.6678,0.4437005561939784,90.08,0.1583276774999999,-3.48,14.16
B86004,2021-22,0,2021-04-01,2022-03-31,124.0,7985,1.55,53.85415070601147,-1.608485674917693,52.0,52,8201.0,8201,/content/drive/MyDrive/wy_images/B86004_2021_22.png,20.62315961272576,153.8,0.6348,0.4820429004826476,110.92,0.1513492941,6.58,14.11
B86004,2022-23,0,2022-04-01,2023-03-31,123.0,8203,1.5,53.85415070601147,-1.608485674917693,52.0,52,8201.0,8201,/content/drive/MyDrive/wy_images/B86004_2022_23.png,21.022813493568982,153.8,0.6629,0.4444163778441737,101.85,0.1283338515,-5.22,14.01
B86004,2023-24,0,2023-04-01,2024-03-31,122.0,8410,1.45,53.85415070601147,-1.608485674917693,52.0,52,8201.0,8201,/content/drive/MyDrive/wy_images/B86004_2023_24.png,22.329505149496946,153.8,0.7258,0.4873656768558951,100.14,0.1730843564,2.39,13.86
B86005,2019-20,0,2019-04-01,2020-03-31,179.0,5442,3.29,53.770905072517664,-1.5484010487169948,127.0,127,5378.0,5378,/content/drive/MyDrive/wy_images/B86005_2019_20.png,48.079769060734414,60.8,0.4942,0.4529511744426568,111.23,0.1562881987,7.81,29.7
B86005,2020-21,1,2020-04-01,2021-03-31,171.0,5427,3.15,53.770905072517664,-1.5484010487169948,127.0,127,5378.0,5378,/content/drive/MyDrive/wy_images/B86005_2020_21.png,49.31056855780265,60.8,0.4895,0.3485880487244311,102.27,0.1720513947,-1.96,29.64
B86005,2021-22,0,2021-04-01,2022-03-31,156.0,5561,2.81,53.770905072517664,-1.5484010487169948,127.0,127,5378.0,5378,/content/drive/MyDrive/wy_images/B86005_2021_22.png,51.40432849716574,60.8,0.5248,0.5966477821190531,125.55,0.1514393872,7.68,29.63
B86005,2022-23,0,2022-04-01,2023-03-31,149.0,5609,2.66,53.770905072517664,-1.5484010487169948,127.0,127,5378.0,5378,/content/drive/MyDrive/wy_images/B86005_2022_23.png,50.95477873137804,60.8,0.4638,0.3554525948057918,114.05,0.1425520662,-2.33,29.55
B86005,2023-24,0,2023-04-01,2024-03-31,135.0,5661,2.38,53.770905072517664,-1.5484010487169948,127.0,127,5378.0,5378,/content/drive/MyDrive/wy_images/B86005_2023_24.png,49.60177258095909,60.8,0.5165,0.3762848402666053,111.14,0.1733482749,5.16,29.52
B86006,2019-20,0,2019-04-01,2020-03-31,410.0,15594,2.63,53.75309952292728,-1.4627515906835176,35.0,35,15113.0,15113,/content/drive/MyDrive/wy_images/B86006_2019_20.png,16.385397197818012,50.3,0.6435,0.466643557802804,110.91,0.1618889787,6.05,12.06
B86006,2020-21,1,2020-04-01,2021-03-31,421.0,15466,2.72,53.75309952292728,-1.4627515906835176,35.0,35,15113.0,15113,/content/drive/MyDrive/wy_images/B86006_2020_21.png,20.577943129190142,50.3,0.6762,0.4553739554125489,99.96,0.1583090903,-1.73,12.07
B86006,2021-22,0,2021-04-01,2022-03-31,418.0,15317,2.73,53.75309952292728,-1.4627515906835176,35.0,35,15113.0,15113,/content/drive/MyDrive/wy_images/B86006_2021_22.png,17.64835379495924,50.3,0.6338,0.4409657504022063,119.72,0.1494224737,6.01,12.08
B86006,2022-23,0,2022-04-01,2023-03-31,393.0,15174,2.59,53.75309952292728,-1.4627515906835176,35.0,35,15113.0,15113,/content/drive/MyDrive/wy_images/B86006_2022_23.png,20.643479128212107,50.3,0.6462,0.4238778028039531,111.88,0.1533782129,-6.53,12.14
B86006,2023-24,0,2023-04-01,2024-03-31,402.0,15211,2.64,53.75309952292728,-1.4627515906835176,35.0,35,15113.0,15113,/content/drive/MyDrive/wy_images/B86006_2023_24.png,22.010783358813605,50.3,0.6924,0.4561631946678924,107.89,0.1741128049999999,5.32,12.1
B86007,2019-20,0,2019-04-01,2020-03-31,338.0,8380,4.03,53.82143259381022,-1.453333174243283,164.0,164,8821.0,8821,/content/drive/MyDrive/wy_images/B86007_2019_20.png,19.1133611446842,97.5,0.5942,0.4336606986899564,105.49,0.1432408311,4.21,18.01
B86007,2020-21,1,2020-04-01,2021-03-31,339.0,8386,4.04,53.82143259381022,-1.453333174243283,164.0,164,8821.0,8821,/content/drive/MyDrive/wy_images/B86007_2020_21.png,20.955096746983383,97.5,0.5524,0.3833696391634107,95.26,0.1596875612,-1.46,17.98
B86007,2021-22,0,2021-04-01,2022-03-31,340.0,8708,3.9,53.82143259381022,-1.453333174243283,164.0,164,8821.0,8821,/content/drive/MyDrive/wy_images/B86007_2021_22.png,21.042975179633583,97.5,0.5233,0.4215284394392093,114.63,0.1480943028,6.63,17.97
B86007,2022-23,0,2022-04-01,2023-03-31,333.0,8832,3.77,53.82143259381022,-1.453333174243283,164.0,164,8821.0,8821,/content/drive/MyDrive/wy_images/B86007_2022_23.png,24.05004342160179,97.5,0.5051,0.3576000597563779,107.66,0.1347875528,-6.55,17.95
B86007,2023-24,0,2023-04-01,2024-03-31,330.0,9020,3.66,53.82143259381022,-1.453333174243283,164.0,164,8821.0,8821,/content/drive/MyDrive/wy_images/B86007_2023_24.png,22.66024232192966,97.5,0.5784,0.3849114088715238,103.69,0.1668086606,4.58,17.93
B86008,2019-20,0,2019-04-01,2020-03-31,201.0,15298,1.31,53.85362988608375,-1.5483978545771755,113.0,113,19488.0,19488,/content/drive/MyDrive/wy_images/B86008_2019_20.png,17.830312853390787,135.6,0.6242,0.4980295840036773,99.86,0.1508158562,3.12,13.53
B86008,2020-21,1,2020-04-01,2021-03-31,206.0,15778,1.31,53.85362988608375,-1.5483978545771755,113.0,113,19488.0,19488,/content/drive/MyDrive/wy_images/B86008_2020_21.png,20.818993302220715,135.6,0.6177,0.4385062606297403,91.42,0.1601533651,-1.81,13.56
B86008,2021-22,0,2021-04-01,2022-03-31,253.0,19348,1.31,53.85362988608375,-1.5483978545771755,113.0,113,19488.0,19488,/content/drive/MyDrive/wy_images/B86008_2021_22.png,17.63067329784168,135.6,0.6045,0.50219603309584,111.93,0.1437147912,4.82,13.42
B86008,2022-23,0,2022-04-01,2023-03-31,235.0,19490,1.21,53.85362988608375,-1.5483978545771755,113.0,113,19488.0,19488,/content/drive/MyDrive/wy_images/B86008_2022_23.png,22.13932447208456,135.6,0.6046,0.4182062928062514,104.03,0.1222274328,-4.33,13.49
B86008,2023-24,0,2023-04-01,2024-03-31,234.0,19452,1.2,53.85362988608375,-1.5483978545771755,113.0,113,19488.0,19488,/content/drive/MyDrive/wy_images/B86008_2023_24.png,21.4483245010847,135.6,0.6586,0.4701492484486325,100.33,0.1718905504,1.79,13.51
B86009,2019-20,0,2019-04-01,2020-03-31,182.0,8241,2.21,53.81154750213232,-1.4446573790666506,72.0,72,8207.0,8207,/content/drive/MyDrive/wy_images/B86009_2019_20.png,18.28139404466257,85.9,0.5838,0.425970204550678,106.55,0.1451169507999999,4.36,14.26
B86009,2020-21,1,2020-04-01,2021-03-31,188.0,8174,2.3,53.81154750213232,-1.4446573790666506,72.0,72,8207.0,8207,/content/drive/MyDrive/wy_images/B86009_2020_21.png,18.81629717621492,85.9,0.554,0.3897019076074466,95.66,0.1635676263,-1.64,14.23
B86009,2021-22,0,2021-04-01,2022-03-31,161.0,8212,1.96,53.81154750213232,-1.4446573790666506,72.0,72,8207.0,8207,/content/drive/MyDrive/wy_images/B86009_2021_22.png,17.929557344203012,85.9,0.5461,0.4267961526085957,115.22,0.1488057431,6.67,14.26
B86009,2022-23,0,2022-04-01,2023-03-31,144.0,8212,1.75,53.81154750213232,-1.4446573790666506,72.0,72,8207.0,8207,/content/drive/MyDrive/wy_images/B86009_2022_23.png,19.26959815482117,85.9,0.5136,0.3560582900482648,107.88,0.1378388978,-6.71,14.28
B86009,2023-24,0,2023-04-01,2024-03-31,154.0,8251,1.87,53.81154750213232,-1.4446573790666506,72.0,72,8207.0,8207,/content/drive/MyDrive/wy_images/B86009_2023_24.png,18.383650921337743,85.9,0.5835,0.3856822937255803,104.12,0.170287173,4.45,14.36
B86010,2019-20,0,2019-04-01,2020-03-31,117.0,9561,1.22,53.8902402720671,-1.424869519279943,29.0,29,9777.0,9777,/content/drive/MyDrive/wy_images/B86010_2019_20.png,16.72113792026124,73.9,0.6042,0.3947860767639622,95.76,0.1466997203999999,2.81,2.28
B86010,2020-21,1,2020-04-01,2021-03-31,123.0,9699,1.27,53.8902402720671,-1.424869519279943,29.0,29,9777.0,9777,/content/drive/MyDrive/wy_images/B86010_2020_21.png,25.612687654999625,73.9,0.6236,0.4019442932659159,88.45,0.1673084285,0.59,2.26
B86010,2021-22,0,2021-04-01,2022-03-31,132.0,9830,1.34,53.8902402720671,-1.424869519279943,29.0,29,9777.0,9777,/content/drive/MyDrive/wy_images/B86010_2021_22.png,14.275104447397686,73.9,0.6213,0.4115619995403355,103.68,0.1467129378999999,6.58,2.27
B86010,2022-23,0,2022-04-01,2023-03-31,133.0,9833,1.35,53.8902402720671,-1.424869519279943,29.0,29,9777.0,9777,/content/drive/MyDrive/wy_images/B86010_2022_23.png,17.448241800807423,73.9,0.6234,0.3898120340151689,99.13,0.1340673311,-7.94,2.3
B86010,2023-24,0,2023-04-01,2024-03-31,136.0,9877,1.38,53.8902402720671,-1.424869519279943,29.0,29,9777.0,9777,/content/drive/MyDrive/wy_images/B86010_2023_24.png,15.70898375367196,73.9,0.6957,0.4470594116295104,97.73,0.1788134197999999,6.01,2.3
B86011,2019-20,0,2019-04-01,2020-03-31,106.0,6870,1.54,53.80075585342066,-1.6866286610004178,63.0,63,7177.0,7177,/content/drive/MyDrive/wy_images/B86011_2019_20.png,19.008778443246168,162.1,0.6295,0.4445632130544702,102.43,0.1659745875,6.9,15.4
B86011,2020-21,1,2020-04-01,2021-03-31,98.0,6918,1.42,53.80075585342066,-1.6866286610004178,63.0,63,7177.0,7177,/content/drive/MyDrive/wy_images/B86011_2020_21.png,21.448075142643027,162.1,0.6066,0.4187018616410021,94.35,0.1734477341,-7.03,15.33
B86011,2021-22,0,2021-04-01,2022-03-31,103.0,7016,1.47,53.80075585342066,-1.6866286610004178,63.0,63,7177.0,7177,/content/drive/MyDrive/wy_images/B86011_2021_22.png,18.363274031028727,162.1,0.5815,0.439332208687658,116.9,0.1574096046999999,7.22,15.38
B86011,2022-23,0,2022-04-01,2023-03-31,100.0,7177,1.39,53.80075585342066,-1.6866286610004178,63.0,63,7177.0,7177,/content/drive/MyDrive/wy_images/B86011_2022_23.png,21.01198401700301,162.1,0.5767,0.4093594713858883,104.84,0.1455364291,0.38,15.37
B86011,2023-24,0,2023-04-01,2024-03-31,177.0,9975,1.77,53.80075585342066,-1.6866286610004178,63.0,63,7177.0,7177,/content/drive/MyDrive/wy_images/B86011_2023_24.png,20.255833402052136,162.1,0.5949,0.4150309813835899,104.22,0.1787656007,2.41,16.12
B86012,2019-20,0,2019-04-01,2020-03-31,424.0,17047,2.49,53.77301121755047,-1.5535849267805637,90.0,90,18028.0,18028,/content/drive/MyDrive/wy_images/B86012_2019_20.png,25.53956725676968,58.4,0.4872,0.4576499011721443,111.1,0.1574198373,7.87,29.09
B86012,2020-21,1,2020-04-01,2021-03-31,436.0,17699,2.46,53.77301121755047,-1.5535849267805637,90.0,90,18028.0,18028,/content/drive/MyDrive/wy_images/B86012_2020_21.png,27.281020147862066,58.4,0.4808,0.3430083107331648,102.26,0.1733039806,-2.17,28.87
B86012,2021-22,0,2021-04-01,2022-03-31,434.0,18709,2.32,53.77301121755047,-1.5535849267805637,90.0,90,18028.0,18028,/content/drive/MyDrive/wy_images/B86012_2021_22.png,28.42647366607632,58.4,0.5202,0.6102300390714779,125.69,0.1519375708999999,7.74,28.62
B86012,2022-23,0,2022-04-01,2023-03-31,441.0,19082,2.31,53.77301121755047,-1.5535849267805637,90.0,90,18028.0,18028,/content/drive/MyDrive/wy_images/B86012_2022_23.png,28.963563886969684,58.4,0.4567,0.3521120937715468,114.03,0.1425185507,-2.03,28.63
B86012,2023-24,0,2023-04-01,2024-03-31,441.0,19324,2.28,53.77301121755047,-1.5535849267805637,90.0,90,18028.0,18028,/content/drive/MyDrive/wy_images/B86012_2023_24.png,28.31937168096356,58.4,0.5105,0.3712740887152378,111.2,0.1740494015,4.93,28.71
B86014,2019-20,0,2019-04-01,2020-03-31,330.0,13366,2.47,53.79670791135398,-1.6611192387674565,303.0,303,13176.0,13176,/content/drive/MyDrive/wy_images/B86014_2019_20.png,21.352106578465627,138.4,0.6575,0.4582555964146173,104.34,0.1690679439,6.05,18.06
B86014,2020-21,1,2020-04-01,2021-03-31,329.0,13392,2.46,53.79670791135398,-1.6611192387674565,303.0,303,13176.0,13176,/content/drive/MyDrive/wy_images/B86014_2020_21.png,21.756854886604444,138.4,0.6467,0.4331651298552057,96.0,0.1706421594,-6.8,17.97
B86014,2021-22,0,2021-04-01,2022-03-31,323.0,13273,2.43,53.79670791135398,-1.6611192387674565,303.0,303,13176.0,13176,/content/drive/MyDrive/wy_images/B86014_2021_22.png,21.336781885633044,138.4,0.6368,0.4879530176970811,118.13,0.1577711141,7.32,17.95
B86014,2022-23,0,2022-04-01,2023-03-31,323.0,13192,2.45,53.79670791135398,-1.6611192387674565,303.0,303,13176.0,13176,/content/drive/MyDrive/wy_images/B86014_2022_23.png,22.962543648702585,138.4,0.629,0.4367993013100437,106.44,0.1447335776999999,-1.27,17.94
B86014,2023-24,0,2023-04-01,2024-03-31,326.0,13389,2.43,53.79670791135398,-1.6611192387674565,303.0,303,13176.0,13176,/content/drive/MyDrive/wy_images/B86014_2023_24.png,19.697510471271247,138.4,0.6267,0.4315315881406573,105.37,0.1831365957,2.28,17.89
B86015,2019-20,0,2019-04-01,2020-03-31,435.0,14505,3.0,53.81020537789459,-1.6291898863474925,358.0,358,14078.0,14078,/content/drive/MyDrive/wy_images/B86015_2019_20.png,23.56403670845192,99.9,0.5363,0.4320822201792691,104.49,0.1717828569,8.36,23.12
B86015,2020-21,1,2020-04-01,2021-03-31,412.0,14396,2.86,53.81020537789459,-1.6291898863474925,358.0,358,14078.0,14078,/content/drive/MyDrive/wy_images/B86015_2020_21.png,23.59331268462748,99.9,0.5129,0.3767437002987819,96.41,0.1681770830999999,-4.93,23.03
B86015,2021-22,0,2021-04-01,2022-03-31,379.0,14122,2.68,53.81020537789459,-1.6291898863474925,358.0,358,14078.0,14078,/content/drive/MyDrive/wy_images/B86015_2021_22.png,24.046609695799987,99.9,0.5223,0.5194308159043899,118.94,0.1540455205999999,6.58,22.94
B86015,2022-23,0,2022-04-01,2023-03-31,374.0,14101,2.65,53.81020537789459,-1.6291898863474925,358.0,358,14078.0,14078,/content/drive/MyDrive/wy_images/B86015_2022_23.png,25.031683158708905,99.9,0.5184,0.3719899103654333,107.68,0.1513113360999999,-2.14,22.79
B86015,2023-24,0,2023-04-01,2024-03-31,369.0,14134,2.61,53.81020537789459,-1.6291898863474925,358.0,358,14078.0,14078,/content/drive/MyDrive/wy_images/B86015_2023_24.png,21.85881744148207,99.9,0.5205,0.4114335187313261,106.02,0.1827697227,1.94,22.79
B86016,2019-20,0,2019-04-01,2020-03-31,471.0,17442,2.7,53.80310135347129,-1.475879428682688,131.0,131,17976.0,17976,/content/drive/MyDrive/wy_images/B86016_2019_20.png,26.05882709318206,69.3,0.5327,0.4024398621006665,108.31,0.1521160201,5.35,19.99
B86016,2020-21,1,2020-04-01,2021-03-31,487.0,17400,2.8,53.80310135347129,-1.475879428682688,131.0,131,17976.0,17976,/content/drive/MyDrive/wy_images/B86016_2020_21.png,28.308737077379384,69.3,0.5188,0.3656759963226844,97.83,0.1637801737,-0.74,19.88
B86016,2021-22,0,2021-04-01,2022-03-31,489.0,17816,2.74,53.80310135347129,-1.475879428682688,131.0,131,17976.0,17976,/content/drive/MyDrive/wy_images/B86016_2021_22.png,25.712048648505387,69.3,0.5114,0.4130670604458745,119.32,0.1520479098,6.36,19.8
B86016,2022-23,0,2022-04-01,2023-03-31,499.0,17982,2.77,53.80310135347129,-1.475879428682688,131.0,131,17976.0,17976,/content/drive/MyDrive/wy_images/B86016_2022_23.png,28.196869545369854,69.3,0.4854,0.3490469087566077,111.1,0.1331766962,-5.37,19.73
B86016,2023-24,0,2023-04-01,2024-03-31,507.0,18192,2.79,53.80310135347129,-1.475879428682688,131.0,131,17976.0,17976,/content/drive/MyDrive/wy_images/B86016_2023_24.png,26.553299235472043,69.3,0.5241,0.3633449873592277,106.28,0.1759912009999999,4.08,19.69
B86017,2019-20,0,2019-04-01,2020-03-31,180.0,10804,1.67,53.82637394104596,-1.59603987955626,206.0,206,15775.0,15775,/content/drive/MyDrive/wy_images/B86017_2019_20.png,23.81435379817992,89.1,0.4702,0.4331100666513445,104.99,0.1581938366,6.21,31.33
B86017,2020-21,1,2020-04-01,2021-03-31,191.0,10133,1.88,53.82637394104596,-1.59603987955626,206.0,206,15775.0,15775,/content/drive/MyDrive/wy_images/B86017_2020_21.png,26.04584260644897,89.1,0.4777,0.3729076304297862,97.17,0.1619765501,-2.68,30.88
B86017,2021-22,0,2021-04-01,2022-03-31,269.0,16196,1.66,53.82637394104596,-1.59603987955626,206.0,206,15775.0,15775,/content/drive/MyDrive/wy_images/B86017_2021_22.png,24.06893909157229,89.1,0.5285,0.4443062514364514,117.21,0.151023832,6.24,24.88
B86017,2022-23,0,2022-04-01,2023-03-31,256.0,16519,1.55,53.82637394104596,-1.59603987955626,206.0,206,15775.0,15775,/content/drive/MyDrive/wy_images/B86017_2022_23.png,25.266308813163,89.1,0.5103,0.3736234520799816,107.46,0.1343923984,-3.18,24.82
B86017,2023-24,0,2023-04-01,2024-03-31,270.0,16460,1.64,53.82637394104596,-1.59603987955626,206.0,206,15775.0,15775,/content/drive/MyDrive/wy_images/B86017_2023_24.png,26.81680419159293,89.1,0.5719,0.4127183268214203,104.64,0.1795819716,1.88,24.62
B86018,2019-20,0,2019-04-01,2020-03-31,197.0,7520,2.62,53.79642263961378,-1.66385563282881,124.0,124,7664.0,7664,/content/drive/MyDrive/wy_images/B86018_2019_20.png,19.3304583756063,142.9,0.6713,0.4621650838887612,104.2,0.1687640708999999,6.18,17.68
B86018,2020-21,1,2020-04-01,2021-03-31,187.0,7536,2.48,53.79642263961378,-1.66385563282881,124.0,124,7664.0,7664,/content/drive/MyDrive/wy_images/B86018_2020_21.png,19.87334634793842,142.9,0.6642,0.44269106412319,95.87,0.1708824671,-6.94,17.7
B86018,2021-22,0,2021-04-01,2022-03-31,182.0,7646,2.38,53.79642263961378,-1.66385563282881,124.0,124,7664.0,7664,/content/drive/MyDrive/wy_images/B86018_2021_22.png,19.467536240662007,142.9,0.6526,0.4894213698000459,118.04,0.1579395985,7.49,17.66
B86018,2022-23,0,2022-04-01,2023-03-31,194.0,7668,2.53,53.79642263961378,-1.66385563282881,124.0,124,7664.0,7664,/content/drive/MyDrive/wy_images/B86018_2022_23.png,21.41703424803321,142.9,0.6452,0.445425869914962,106.21,0.1448222671,-1.07,17.69
B86018,2023-24,0,2023-04-01,2024-03-31,198.0,7690,2.57,53.79642263961378,-1.66385563282881,124.0,124,7664.0,7664,/content/drive/MyDrive/wy_images/B86018_2023_24.png,18.68831297753836,142.9,0.6393,0.4340094323144104,105.25,0.1829261985,2.23,17.71
B86019,2019-20,0,2019-04-01,2020-03-31,137.0,9226,1.48,53.82340336605143,-1.5417371865998082,219.0,219,9373.0,9373,/content/drive/MyDrive/wy_images/B86019_2019_20.png,17.185162785808345,89.0,0.4836,0.4551353481958171,104.6,0.1551902076,4.72,24.02
B86019,2020-21,1,2020-04-01,2021-03-31,140.0,9264,1.51,53.82340336605143,-1.5417371865998082,219.0,219,9373.0,9373,/content/drive/MyDrive/wy_images/B86019_2020_21.png,18.800359414272624,89.0,0.4863,0.3714943415306826,96.3,0.1618296770999999,-1.27,24.01
B86019,2021-22,0,2021-04-01,2022-03-31,134.0,9379,1.43,53.82340336605143,-1.5417371865998082,219.0,219,9373.0,9373,/content/drive/MyDrive/wy_images/B86019_2021_22.png,17.245776787146145,89.0,0.4716,0.425052484486325,119.31,0.1449475888,5.87,23.99
B86019,2022-23,0,2022-04-01,2023-03-31,131.0,9562,1.37,53.82340336605143,-1.5417371865998082,219.0,219,9373.0,9373,/content/drive/MyDrive/wy_images/B86019_2022_23.png,19.31022527141938,89.0,0.466,0.3666304251896116,110.39,0.1306936198,-2.74,24.05
B86019,2023-24,0,2023-04-01,2024-03-31,212.0,19726,1.07,53.82340336605143,-1.5417371865998082,219.0,219,9373.0,9373,/content/drive/MyDrive/wy_images/B86019_2023_24.png,18.96106408014285,89.0,0.5726,0.4091575729717306,104.4,0.1718917908999999,3.17,20.92
B86020,2019-20,0,2019-04-01,2020-03-31,208.0,11037,1.88,53.73684226394421,-1.4915558087649403,88.0,88,10040.0,10040,/content/drive/MyDrive/wy_images/B86020_2019_20.png,23.057711425980948,65.7,0.5631,0.4108094690875661,110.16,0.1586466725999999,6.49,10.61
B86020,2020-21,1,2020-04-01,2021-03-31,217.0,11158,1.94,53.73684226394421,-1.4915558087649403,88.0,88,10040.0,10040,/content/drive/MyDrive/wy_images/B86020_2020_21.png,23.71388512594165,65.7,0.5891,0.4142600965295334,100.04,0.1629432936,-1.63,10.56
B86020,2021-22,0,2021-04-01,2022-03-31,222.0,11178,1.99,53.73684226394421,-1.4915558087649403,88.0,88,10040.0,10040,/content/drive/MyDrive/wy_images/B86020_2021_22.png,17.758723047299913,65.7,0.5801,0.4404518271661687,119.69,0.1499653588,6.4,10.56
B86020,2022-23,0,2022-04-01,2023-03-31,225.0,11171,2.01,53.73684226394421,-1.4915558087649403,88.0,88,10040.0,10040,/content/drive/MyDrive/wy_images/B86020_2022_23.png,19.906445104300023,65.7,0.573,0.3958139232360377,111.98,0.1532870211999999,-5.1,10.52
B86020,2023-24,0,2023-04-01,2024-03-31,234.0,11194,2.09,53.73684226394421,-1.4915558087649403,88.0,88,10040.0,10040,/content/drive/MyDrive/wy_images/B86020_2023_24.png,27.07390036714479,65.7,0.6066,0.4152695886003218,107.99,0.1712783752,5.79,10.5
B86022,2019-20,0,2019-04-01,2020-03-31,253.0,13843,1.83,53.819852480365554,-1.4943458696273024,243.0,243,14006.0,14006,/content/drive/MyDrive/wy_images/B86022_2019_20.png,16.465414406139015,79.0,0.6016,0.4452790347046655,106.5,0.1489663596,5.19,25.48
B86022,2020-21,1,2020-04-01,2021-03-31,253.0,13815,1.83,53.819852480365554,-1.4943458696273024,243.0,243,14006.0,14006,/content/drive/MyDrive/wy_images/B86022_2020_21.png,17.99618902999378,79.0,0.579,0.3982550586072167,97.3,0.1592912465,0.26,25.33
B86022,2021-22,0,2021-04-01,2022-03-31,246.0,13979,1.76,53.819852480365554,-1.4943458696273024,243.0,243,14006.0,14006,/content/drive/MyDrive/wy_images/B86022_2021_22.png,16.657635262480554,79.0,0.5733,0.4423973937025971,119.66,0.1493882621,5.31,25.32
B86022,2022-23,0,2022-04-01,2023-03-31,241.0,14018,1.72,53.819852480365554,-1.4943458696273024,243.0,243,14006.0,14006,/content/drive/MyDrive/wy_images/B86022_2022_23.png,18.57409761111003,79.0,0.5564,0.3794968604918409,111.09,0.1194160798,-4.75,25.34
B86022,2023-24,0,2023-04-01,2024-03-31,253.0,14196,1.78,53.819852480365554,-1.4943458696273024,243.0,243,14006.0,14006,/content/drive/MyDrive/wy_images/B86022_2023_24.png,18.031178302076054,79.0,0.5871,0.4055417559181797,106.14,0.1767691742,3.77,25.23
B86024,2019-20,0,2019-04-01,2020-03-31,255.0,8809,2.89,53.79369117475619,-1.6002604539849792,306.0,306,8921.0,8921,/content/drive/MyDrive/wy_images/B86024_2019_20.png,34.489785735612585,83.3,0.427,0.3775696483566996,107.88,0.1656957784,7.06,20.65
B86024,2020-21,1,2020-04-01,2021-03-31,269.0,8904,3.02,53.79369117475619,-1.6002604539849792,306.0,306,8921.0,8921,/content/drive/MyDrive/wy_images/B86024_2020_21.png,35.877377063081134,83.3,0.4258,0.3346937669501264,99.76,0.1711273571,-4.53,20.62
B86024,2021-22,0,2021-04-01,2022-03-31,255.0,9098,2.8,53.79369117475619,-1.6002604539849792,306.0,306,8921.0,8921,/content/drive/MyDrive/wy_images/B86024_2021_22.png,37.299699307572055,83.3,0.4278,0.4224645139048494,122.07,0.1546777218,5.93,20.44
B86024,2022-23,0,2022-04-01,2023-03-31,344.0,9011,3.82,53.79369117475619,-1.6002604539849792,306.0,306,8921.0,8921,/content/drive/MyDrive/wy_images/B86024_2022_23.png,36.795066953814754,83.3,0.4183,0.3333355412548839,111.17,0.1448690419,-1.51,20.45
B86024,2023-24,0,2023-04-01,2024-03-31,274.0,9140,3.0,53.79369117475619,-1.6002604539849792,306.0,306,8921.0,8921,/content/drive/MyDrive/wy_images/B86024_2023_24.png,35.28096206197171,83.3,0.4478,0.3655658699149621,108.9,0.1807587251,2.21,20.37
B86028,2019-20,0,2019-04-01,2020-03-31,120.0,4409,2.72,53.74289952922715,-1.5977717967830525,103.0,103,5098.0,5098,/content/drive/MyDrive/wy_images/B86028_2019_20.png,27.004216570087483,134.0,0.4672,0.3897569708113078,111.14,0.1581733644,7.81,16.71
B86028,2020-21,1,2020-04-01,2021-03-31,129.0,4719,2.73,53.74289952922715,-1.5977717967830525,103.0,103,5098.0,5098,/content/drive/MyDrive/wy_images/B86028_2020_21.png,27.71018709763161,134.0,0.4755,0.3532317122500574,100.88,0.1627744948999999,-4.16,16.69
B86028,2021-22,0,2021-04-01,2022-03-31,128.0,4972,2.57,53.74289952922715,-1.5977717967830525,103.0,103,5098.0,5098,/content/drive/MyDrive/wy_images/B86028_2021_22.png,28.013269353392992,134.0,0.489,0.4192157848770398,122.35,0.1477765615,5.53,16.6
B86028,2022-23,0,2022-04-01,2023-03-31,123.0,5121,2.4,53.74289952922715,-1.5977717967830525,103.0,103,5098.0,5098,/content/drive/MyDrive/wy_images/B86028_2022_23.png,29.361351383283445,134.0,0.4433,0.3429165387267294,112.02,0.1546560834,-2.54,16.6
B86028,2023-24,0,2023-04-01,2024-03-31,130.0,5258,2.47,53.74289952922715,-1.5977717967830525,103.0,103,5098.0,5098,/content/drive/MyDrive/wy_images/B86028_2023_24.png,26.144022523575945,134.0,0.4802,0.37463294415077,109.95,0.1748292366,6.05,16.6
B86029,2019-20,0,2019-04-01,2020-03-31,97.0,5638,1.72,53.904722978006376,-1.701479077687124,116.0,116,5638.0,5638,/content/drive/MyDrive/wy_images/B86029_2019_20.png,24.64188639095416,105.3,0.7069,0.4606233141806481,92.0,0.18050379,0.33,8.48
B86029,2020-21,1,2020-04-01,2021-03-31,88.0,5610,1.57,53.904722978006376,-1.701479077687124,116.0,116,5638.0,5638,/content/drive/MyDrive/wy_images/B86029_2020_21.png,25.592729076629453,105.3,0.7114,0.4580720524017467,83.78,0.1642165281,-3.05,8.53
B86029,2021-22,0,2021-04-01,2022-03-31,88.0,5617,1.57,53.904722978006376,-1.701479077687124,116.0,116,5638.0,5638,/content/drive/MyDrive/wy_images/B86029_2021_22.png,25.096264976128,105.3,0.6942,0.48852200413698,98.84,0.1612936656,5.55,8.61
B86029,2022-23,0,2022-04-01,2023-03-31,95.0,5678,1.67,53.904722978006376,-1.701479077687124,116.0,116,5638.0,5638,/content/drive/MyDrive/wy_images/B86029_2022_23.png,25.769264402127085,105.3,0.6953,0.4580536980004596,97.16,0.1337829690999999,-2.74,8.51
B86029,2023-24,0,2023-04-01,2024-03-31,95.0,5704,1.67,53.904722978006376,-1.701479077687124,116.0,116,5638.0,5638,/content/drive/MyDrive/wy_images/B86029_2023_24.png,25.744406533798816,105.3,0.7359,0.4634866007814295,95.36,0.1769895641,3.94,8.45
B86032,2019-20,0,2019-04-01,2020-03-31,283.0,19042,1.49,53.90360165264773,-1.667684979103846,114.0,114,18903.0,18903,/content/drive/MyDrive/wy_images/B86032_2019_20.png,19.29811379384581,103.1,0.7232,0.4734163318777292,92.29,0.1786314103,1.4,6.74
B86032,2020-21,1,2020-04-01,2021-03-31,278.0,19090,1.46,53.90360165264773,-1.667684979103846,114.0,114,18903.0,18903,/content/drive/MyDrive/wy_images/B86032_2020_21.png,20.629887593251738,103.1,0.7364,0.4735264582854516,84.09,0.1661828846999999,-2.93,6.8
B86032,2021-22,0,2021-04-01,2022-03-31,278.0,19078,1.46,53.90360165264773,-1.667684979103846,114.0,114,18903.0,18903,/content/drive/MyDrive/wy_images/B86032_2021_22.png,18.981789433019934,103.1,0.7151,0.4989840128706045,99.87,0.1616017886,6.48,6.79
B86032,2022-23,0,2022-04-01,2023-03-31,268.0,18912,1.42,53.90360165264773,-1.667684979103846,114.0,114,18903.0,18903,/content/drive/MyDrive/wy_images/B86032_2022_23.png,20.9822393974079,103.1,0.7082,0.4633948287749942,97.31,0.1320470505999999,-2.95,6.67
B86032,2023-24,0,2023-04-01,2024-03-31,281.0,18871,1.49,53.90360165264773,-1.667684979103846,114.0,114,18903.0,18903,/content/drive/MyDrive/wy_images/B86032_2023_24.png,22.721273379640703,103.1,0.7445,0.4689562123649736,94.96,0.1770887111,3.93,6.63
B86033,2019-20,0,2019-04-01,2020-03-31,204.0,11812,1.73,53.930619735140965,-1.3904509445142756,33.0,33,11138.0,11138,/content/drive/MyDrive/wy_images/B86033_2019_20.png,23.073345847303614,39.4,0.4998,0.3348038933578487,94.83,0.1517014039,4.33,7.91
B86033,2020-21,1,2020-04-01,2021-03-31,197.0,11974,1.65,53.930619735140965,-1.3904509445142756,33.0,33,11138.0,11138,/content/drive/MyDrive/wy_images/B86033_2020_21.png,24.97594344212516,39.4,0.4964,0.31544,88.33,0.1691797909,2.21,7.84
B86033,2021-22,0,2021-04-01,2022-03-31,208.0,11886,1.75,53.930619735140965,-1.3904509445142756,33.0,33,11138.0,11138,/content/drive/MyDrive/wy_images/B86033_2021_22.png,22.27700922876804,39.4,0.5194,0.3402735049413928,100.12,0.1540402043,7.96,7.81
B86033,2022-23,0,2022-04-01,2023-03-31,212.0,11853,1.79,53.930619735140965,-1.3904509445142756,33.0,33,11138.0,11138,/content/drive/MyDrive/wy_images/B86033_2022_23.png,26.501512743067384,39.4,0.533,0.3243051758216502,97.44,0.1439488636,-9.86,7.89
B86033,2023-24,0,2023-04-01,2024-03-31,216.0,11854,1.82,53.930619735140965,-1.3904509445142756,33.0,33,11138.0,11138,/content/drive/MyDrive/wy_images/B86033_2023_24.png,24.35589035917836,39.4,0.5861,0.4090107377614341,96.45,0.1709642695,6.65,7.97
B86034,2019-20,0,2019-04-01,2020-03-31,148.0,6721,2.2,53.90144224687314,-1.3462312462775463,32.0,32,6716.0,6716,/content/drive/MyDrive/wy_images/B86034_2019_20.png,18.44774593763503,35.7,0.5755,0.3962727832682142,96.64,0.1491161674,3.44,5.35
B86034,2020-21,1,2020-04-01,2021-03-31,160.0,6665,2.4,53.90144224687314,-1.3462312462775463,32.0,32,6716.0,6716,/content/drive/MyDrive/wy_images/B86034_2020_21.png,19.80603475855346,35.7,0.6051,0.3932626614571363,89.2,0.159021573,2.09,5.36
B86034,2021-22,0,2021-04-01,2022-03-31,157.0,6652,2.36,53.90144224687314,-1.3462312462775463,32.0,32,6716.0,6716,/content/drive/MyDrive/wy_images/B86034_2021_22.png,16.862418221891062,35.7,0.5709,0.3957405056308894,102.78,0.1431608578,7.36,5.33
B86034,2022-23,0,2022-04-01,2023-03-31,160.0,6734,2.38,53.90144224687314,-1.3462312462775463,32.0,32,6716.0,6716,/content/drive/MyDrive/wy_images/B86034_2022_23.png,19.510297444146904,35.7,0.5684,0.3596924615031027,98.76,0.1442944118,-8.81,5.34
B86034,2023-24,0,2023-04-01,2024-03-31,151.0,6746,2.24,53.90144224687314,-1.3462312462775463,32.0,32,6716.0,6716,/content/drive/MyDrive/wy_images/B86034_2023_24.png,18.87810382802876,35.7,0.6205,0.4306689312801655,98.12,0.1852941841,6.41,5.28
B86035,2019-20,0,2019-04-01,2020-03-31,311.0,7145,4.35,53.765870062625545,-1.5261153444405058,146.0,146,8463.0,8463,/content/drive/MyDrive/wy_images/B86035_2019_20.png,17.15419628749662,60.2,0.4627,0.370705102275339,111.21,0.1564732283999999,6.55,14.62
B86035,2020-21,1,2020-04-01,2021-03-31,427.0,9429,4.53,53.765870062625545,-1.5261153444405058,146.0,146,8463.0,8463,/content/drive/MyDrive/wy_images/B86035_2020_21.png,24.26939344478924,60.2,0.4825,0.3650703010802114,101.08,0.1700808526,-1.69,14.51
B86035,2021-22,0,2021-04-01,2022-03-31,409.0,9443,4.33,53.765870062625545,-1.5261153444405058,146.0,146,8463.0,8463,/content/drive/MyDrive/wy_images/B86035_2021_22.png,19.14379765234337,60.2,0.4936,0.4351474051942082,123.82,0.1521374010999999,6.72,14.46
B86035,2022-23,0,2022-04-01,2023-03-31,385.0,9364,4.11,53.765870062625545,-1.5261153444405058,146.0,146,8463.0,8463,/content/drive/MyDrive/wy_images/B86035_2022_23.png,20.36635128439451,60.2,0.4624,0.3605184095610204,113.35,0.1429396137999999,-2.91,14.36
B86035,2023-24,0,2023-04-01,2024-03-31,374.0,9333,4.01,53.765870062625545,-1.5261153444405058,146.0,146,8463.0,8463,/content/drive/MyDrive/wy_images/B86035_2023_24.png,19.77276384086469,60.2,0.5008,0.3820481222707423,110.13,0.1751726224,5.26,14.34
B86036,2019-20,0,2019-04-01,2020-03-31,272.0,11393,2.39,53.7741544994554,-1.3731363748886027,44.0,44,10099.0,10099,/content/drive/MyDrive/wy_images/B86036_2019_20.png,17.763344628286024,63.6,0.6124,0.4168113583084348,107.49,0.1516141924,4.72,10.1
B86036,2020-21,1,2020-04-01,2021-03-31,280.0,11424,2.45,53.7741544994554,-1.3731363748886027,44.0,44,10099.0,10099,/content/drive/MyDrive/wy_images/B86036_2020_21.png,18.955778893717387,63.6,0.5891,0.4071752976327281,97.46,0.1558785718,-1.56,10.0
B86036,2021-22,0,2021-04-01,2022-03-31,280.0,11452,2.44,53.7741544994554,-1.3731363748886027,44.0,44,10099.0,10099,/content/drive/MyDrive/wy_images/B86036_2021_22.png,15.47168825279891,63.6,0.6075,0.4203721121581246,115.19,0.1526651229,6.85,9.87
B86036,2022-23,0,2022-04-01,2023-03-31,287.0,11401,2.52,53.7741544994554,-1.3731363748886027,44.0,44,10099.0,10099,/content/drive/MyDrive/wy_images/B86036_2022_23.png,18.59283908976427,63.6,0.5452,0.3287285865318318,108.35,0.1533562441,-6.34,9.79
B86036,2023-24,0,2023-04-01,2024-03-31,297.0,11310,2.63,53.7741544994554,-1.3731363748886027,44.0,44,10099.0,10099,/content/drive/MyDrive/wy_images/B86036_2023_24.png,18.83827082538579,63.6,0.6596,0.4204271753619857,105.98,0.1793366079,7.12,9.75
B86038,2019-20,0,2019-04-01,2020-03-31,238.0,11965,1.99,53.87005402015115,-1.7017970319059614,125.0,125,11910.0,11910,/content/drive/MyDrive/wy_images/B86038_2019_20.png,27.794537427618543,160.2,0.5545,0.4087354217421282,95.67,0.1706865627,2.38,12.49
B86038,2020-21,1,2020-04-01,2021-03-31,225.0,12138,1.85,53.87005402015115,-1.7017970319059614,125.0,125,11910.0,11910,/content/drive/MyDrive/wy_images/B86038_2020_21.png,30.15515497090446,160.2,0.5443,0.389830388416456,87.74,0.1665258525,-4.85,12.52
B86038,2021-22,0,2021-04-01,2022-03-31,230.0,12280,1.87,53.87005402015115,-1.7017970319059614,125.0,125,11910.0,11910,/content/drive/MyDrive/wy_images/B86038_2021_22.png,28.437653668132416,160.2,0.5594,0.5388864812686738,105.28,0.1608073068999999,5.88,12.56
B86038,2022-23,0,2022-04-01,2023-03-31,223.0,11915,1.87,53.87005402015115,-1.7017970319059614,125.0,125,11910.0,11910,/content/drive/MyDrive/wy_images/B86038_2022_23.png,30.484427365960627,160.2,0.5407,0.401375306826017,99.12,0.1282929254,-2.84,12.54
B86038,2023-24,0,2023-04-01,2024-03-31,226.0,11393,1.98,53.87005402015115,-1.7017970319059614,125.0,125,11910.0,11910,/content/drive/MyDrive/wy_images/B86038_2023_24.png,29.018350009875192,160.2,0.6036,0.4358815812456906,98.15,0.1744112527,3.15,12.63
B86039,2019-20,0,2019-04-01,2020-03-31,93.0,5869,1.58,53.82454762836937,-1.5317387496156605,217.0,217,9757.0,9757,/content/drive/MyDrive/wy_images/B86039_2019_20.png,19.85303988064612,89.0,0.5146,0.4579435715927373,103.62,0.1531869606,4.44,23.9
B86039,2020-21,1,2020-04-01,2021-03-31,146.0,10077,1.45,53.82454762836937,-1.5317387496156605,217.0,217,9757.0,9757,/content/drive/MyDrive/wy_images/B86039_2020_21.png,21.776781349110752,89.0,0.4658,0.3511943737071937,96.38,0.1619941391,-0.29,27.09
B86039,2021-22,0,2021-04-01,2022-03-31,132.0,9887,1.34,53.82454762836937,-1.5317387496156605,217.0,217,9757.0,9757,/content/drive/MyDrive/wy_images/B86039_2021_22.png,20.809571325923937,89.0,0.4488,0.4063126407722363,119.77,0.1437013945999999,6.52,27.23
B86039,2022-23,0,2022-04-01,2023-03-31,120.0,9787,1.23,53.82454762836937,-1.5317387496156605,217.0,217,9757.0,9757,/content/drive/MyDrive/wy_images/B86039_2022_23.png,23.451829411257105,89.0,0.4414,0.3471196966214663,111.36,0.1283463503,-2.96,27.39
B86039,2023-24,0,2023-04-01,2024-03-31,129.0,9703,1.33,53.82454762836937,-1.5317387496156605,217.0,217,9757.0,9757,/content/drive/MyDrive/wy_images/B86039_2023_24.png,22.59559435605268,89.0,0.4781,0.361601319236957,106.03,0.1749436602999999,4.1,27.47
B86041,2019-20,0,2019-04-01,2020-03-31,137.0,7120,1.92,53.82263835873388,-1.6090387612348571,253.0,253,7677.0,7677,/content/drive/MyDrive/wy_images/B86041_2019_20.png,15.379063689586411,80.1,0.5414,0.4208676809928752,103.41,0.1596385511,7.33,19.83
B86041,2020-21,1,2020-04-01,2021-03-31,146.0,7234,2.02,53.82263835873388,-1.6090387612348571,253.0,253,7677.0,7677,/content/drive/MyDrive/wy_images/B86041_2020_21.png,17.5698447665636,80.1,0.5231,0.380744959779361,95.18,0.1631004524,-4.4,19.8
B86041,2021-22,0,2021-04-01,2022-03-31,138.0,7499,1.84,53.82263835873388,-1.6090387612348571,253.0,253,7677.0,7677,/content/drive/MyDrive/wy_images/B86041_2021_22.png,15.56077319970582,80.1,0.5125,0.4738201287060446,117.44,0.1510140446,5.9,19.87
B86041,2022-23,0,2022-04-01,2023-03-31,132.0,7747,1.7,53.82263835873388,-1.6090387612348571,253.0,253,7677.0,7677,/content/drive/MyDrive/wy_images/B86041_2022_23.png,18.626925474620244,80.1,0.524,0.3768721811077913,107.05,0.1421454945,-3.53,19.91
B86041,2023-24,0,2023-04-01,2024-03-31,143.0,7882,1.81,53.82263835873388,-1.6090387612348571,253.0,253,7677.0,7677,/content/drive/MyDrive/wy_images/B86041_2023_24.png,19.999869335926444,80.1,0.5619,0.4249974212824638,105.22,0.1752032774999999,1.58,19.9
B86042,2019-20,0,2019-04-01,2020-03-31,524.0,15377,3.41,53.75348343475561,-1.5377125033265322,112.0,112,11273.0,11273,/content/drive/MyDrive/wy_images/B86042_2019_20.png,18.85244759535567,101.0,0.5652,0.428411339921857,109.45,0.1493376732,6.26,16.11
B86042,2020-21,1,2020-04-01,2021-03-31,518.0,15228,3.4,53.75348343475561,-1.5377125033265322,112.0,112,11273.0,11273,/content/drive/MyDrive/wy_images/B86042_2020_21.png,22.01965376795321,101.0,0.5881,0.4158385750402206,99.62,0.1612249617,-2.4,16.18
B86042,2021-22,0,2021-04-01,2022-03-31,487.0,14800,3.29,53.75348343475561,-1.5377125033265322,112.0,112,11273.0,11273,/content/drive/MyDrive/wy_images/B86042_2021_22.png,20.031075873991888,101.0,0.5813,0.4596688853137208,121.43,0.1469112712,5.88,16.08
B86042,2022-23,0,2022-04-01,2023-03-31,496.0,15060,3.29,53.75348343475561,-1.5377125033265322,112.0,112,11273.0,11273,/content/drive/MyDrive/wy_images/B86042_2022_23.png,23.49383138569328,101.0,0.5703,0.3996132843024592,111.0,0.1420412098,-3.2,15.99
B86042,2023-24,0,2023-04-01,2024-03-31,500.0,15457,3.23,53.75348343475561,-1.5377125033265322,112.0,112,11273.0,11273,/content/drive/MyDrive/wy_images/B86042_2023_24.png,23.48534630676687,101.0,0.6153,0.4495739646058376,108.99,0.1670310928999999,5.77,16.01
B86043,2019-20,0,2019-04-01,2020-03-31,276.0,8511,3.24,53.7937483750941,-1.4982793053016454,186.0,186,9299.0,9299,/content/drive/MyDrive/wy_images/B86043_2019_20.png,33.170454851932455,54.9,0.4538,0.363730429786256,110.33,0.1599035242,6.0,20.27
B86043,2020-21,1,2020-04-01,2021-03-31,276.0,8567,3.22,53.7937483750941,-1.4982793053016454,186.0,186,9299.0,9299,/content/drive/MyDrive/wy_images/B86043_2020_21.png,33.85286717065683,54.9,0.4625,0.3458532429326592,99.78,0.1699733036,-1.12,20.31
B86043,2021-22,0,2021-04-01,2022-03-31,286.0,8975,3.19,53.7937483750941,-1.4982793053016454,186.0,186,9299.0,9299,/content/drive/MyDrive/wy_images/B86043_2021_22.png,32.96224851730326,54.9,0.4574,0.3952632911974258,122.57,0.1542141464,6.82,20.67
B86043,2022-23,0,2022-04-01,2023-03-31,258.0,9334,2.76,53.7937483750941,-1.4982793053016454,186.0,186,9299.0,9299,/content/drive/MyDrive/wy_images/B86043_2022_23.png,34.576010289435914,54.9,0.4262,0.3366393334865548,113.36,0.1386089004999999,-3.85,20.73
B86043,2023-24,0,2023-04-01,2024-03-31,248.0,9786,2.53,53.7937483750941,-1.4982793053016454,186.0,186,9299.0,9299,/content/drive/MyDrive/wy_images/B86043_2023_24.png,32.888712070515865,54.9,0.4558,0.3401266697310963,108.63,0.1811390184,4.21,20.89
B86044,2019-20,0,2019-04-01,2020-03-31,419.0,26010,1.61,53.84536310051423,-1.6266569083644704,153.0,153,27031.0,27031,/content/drive/MyDrive/wy_images/B86044_2019_20.png,20.59362948106512,136.8,0.6834,0.480005561939784,99.27,0.1596847739,5.91,15.96
B86044,2020-21,1,2020-04-01,2021-03-31,422.0,26369,1.6,53.84536310051423,-1.6266569083644704,153.0,153,27031.0,27031,/content/drive/MyDrive/wy_images/B86044_2020_21.png,22.590882663483374,136.8,0.6534,0.4334037370719374,90.96,0.1594759209,-4.46,15.91
B86044,2021-22,0,2021-04-01,2022-03-31,397.0,26673,1.49,53.84536310051423,-1.6266569083644704,153.0,153,27031.0,27031,/content/drive/MyDrive/wy_images/B86044_2021_22.png,19.9716975229064,136.8,0.6262,0.4773258193518731,111.53,0.151551359,6.89,15.77
B86044,2022-23,0,2022-04-01,2023-03-31,399.0,27043,1.48,53.84536310051423,-1.6266569083644704,153.0,153,27031.0,27031,/content/drive/MyDrive/wy_images/B86044_2022_23.png,25.102391552717755,136.8,0.6448,0.4230335003447483,102.28,0.1324639983,-5.61,15.73
B86044,2023-24,0,2023-04-01,2024-03-31,418.0,27969,1.49,53.84536310051423,-1.6266569083644704,153.0,153,27031.0,27031,/content/drive/MyDrive/wy_images/B86044_2023_24.png,24.136761583159604,136.8,0.6879,0.4666068490002298,101.02,0.176235582,2.16,15.55
B86048,2019-20,0,2019-04-01,2020-03-31,304.0,13813,2.2,53.80005244735545,-1.3826792506514545,46.0,46,14199.0,14199,/content/drive/MyDrive/wy_images/B86048_2019_20.png,29.47470524120178,74.3,0.6373,0.4137094644909216,105.95,0.1467184849999999,4.95,8.9
B86048,2020-21,1,2020-04-01,2021-03-31,282.0,13857,2.04,53.80005244735545,-1.3826792506514545,46.0,46,14199.0,14199,/content/drive/MyDrive/wy_images/B86048_2020_21.png,30.95578769146388,74.3,0.6213,0.4124246564008273,95.52,0.1612520861999999,-1.82,9.02
B86048,2021-22,0,2021-04-01,2022-03-31,290.0,13964,2.08,53.80005244735545,-1.3826792506514545,46.0,46,14199.0,14199,/content/drive/MyDrive/wy_images/B86048_2021_22.png,29.46821499942772,74.3,0.6308,0.4276771638703746,113.42,0.1492013345,6.19,9.1
B86048,2022-23,0,2022-04-01,2023-03-31,297.0,14206,2.09,53.80005244735545,-1.3826792506514545,46.0,46,14199.0,14199,/content/drive/MyDrive/wy_images/B86048_2022_23.png,31.4586774679241,74.3,0.5795,0.3440912204091013,106.31,0.1497645916,-6.83,9.23
B86048,2023-24,0,2023-04-01,2024-03-31,294.0,14393,2.04,53.80005244735545,-1.3826792506514545,46.0,46,14199.0,14199,/content/drive/MyDrive/wy_images/B86048_2023_24.png,32.84424112475276,74.3,0.6844,0.4459397931509996,104.3,0.1787544391,6.02,9.2
B86049,2019-20,0,2019-04-01,2020-03-31,135.0,8708,1.55,53.82277359478646,-1.5359444990108226,138.0,138,8593.0,8593,/content/drive/MyDrive/wy_images/B86049_2019_20.png,19.28947054374594,87.3,0.5038,0.4558695242472995,104.21,0.1564468044999999,4.7,25.59
B86049,2020-21,1,2020-04-01,2021-03-31,128.0,8819,1.45,53.82277359478646,-1.5359444990108226,138.0,138,8593.0,8593,/content/drive/MyDrive/wy_images/B86049_2020_21.png,20.301790706936096,87.3,0.4978,0.3721550999770168,96.11,0.1610942862,-1.53,25.65
B86049,2021-22,0,2021-04-01,2022-03-31,117.0,9433,1.24,53.82277359478646,-1.5359444990108226,138.0,138,8593.0,8593,/content/drive/MyDrive/wy_images/B86049_2021_22.png,19.12696480278004,87.3,0.4838,0.4253461549069179,119.19,0.1438515175,5.74,25.64
B86049,2022-23,0,2022-04-01,2023-03-31,110.0,9914,1.11,53.82277359478646,-1.5359444990108226,138.0,138,8593.0,8593,/content/drive/MyDrive/wy_images/B86049_2022_23.png,21.31019503262749,87.3,0.4656,0.3598209423121121,109.77,0.1295770234,-2.55,25.52
B86049,2023-24,0,2023-04-01,2024-03-31,111.0,10263,1.08,53.82277359478646,-1.5359444990108226,138.0,138,8593.0,8593,/content/drive/MyDrive/wy_images/B86049_2023_24.png,20.537419625370823,87.3,0.5323,0.3908398804872443,105.76,0.1739095560999999,2.9,25.54
B86050,2019-20,0,2019-04-01,2020-03-31,437.0,19757,2.21,53.81450600185846,-1.6634034357118406,280.0,280,20447.0,20447,/content/drive/MyDrive/wy_images/B86050_2019_20.png,20.00378744994581,114.9,0.5788,0.4282828591128476,102.27,0.1726285023,8.44,15.5
B86050,2020-21,1,2020-04-01,2021-03-31,436.0,20069,2.17,53.81450600185846,-1.6634034357118406,280.0,280,20447.0,20447,/content/drive/MyDrive/wy_images/B86050_2020_21.png,20.879349407176804,114.9,0.564,0.3991544242702827,94.62,0.1727821175,-6.28,15.53
B86050,2021-22,0,2021-04-01,2022-03-31,431.0,19889,2.17,53.81450600185846,-1.6634034357118406,280.0,280,20447.0,20447,/content/drive/MyDrive/wy_images/B86050_2021_22.png,19.029101152936207,114.9,0.5581,0.4687543139508159,116.74,0.1590107634999999,7.5,15.5
B86050,2022-23,0,2022-04-01,2023-03-31,450.0,20460,2.2,53.81450600185846,-1.6634034357118406,280.0,280,20447.0,20447,/content/drive/MyDrive/wy_images/B86050_2022_23.png,21.96950493206527,114.9,0.551,0.3959607584463341,104.85,0.150688408,-1.14,15.6
B86050,2023-24,0,2023-04-01,2024-03-31,446.0,20583,2.17,53.81450600185846,-1.6634034357118406,280.0,280,20447.0,20447,/content/drive/MyDrive/wy_images/B86050_2023_24.png,19.327882551736977,114.9,0.5604,0.4128835164330039,103.99,0.1834658382,2.36,15.65
B86051,2019-20,0,2019-04-01,2020-03-31,272.0,14521,1.87,53.86000822193248,-1.6881014788635742,195.0,195,14572.0,14572,/content/drive/MyDrive/wy_images/B86051_2019_20.png,25.34068476309056,152.3,0.6324,0.4287784279475982,96.41,0.1711840961,2.82,11.96
B86051,2020-21,1,2020-04-01,2021-03-31,259.0,14464,1.79,53.86000822193248,-1.6881014788635742,195.0,195,14572.0,14572,/content/drive/MyDrive/wy_images/B86051_2020_21.png,27.353531847160934,152.3,0.6364,0.4246486876580096,89.12,0.1695921752,-5.22,11.93
B86051,2021-22,0,2021-04-01,2022-03-31,243.0,14354,1.69,53.86000822193248,-1.6881014788635742,195.0,195,14572.0,14572,/content/drive/MyDrive/wy_images/B86051_2021_22.png,25.426872879339424,152.3,0.6322,0.5203118271661686,107.14,0.1583169963,5.74,11.95
B86051,2022-23,0,2022-04-01,2023-03-31,238.0,14581,1.63,53.86000822193248,-1.6881014788635742,195.0,195,14572.0,14572,/content/drive/MyDrive/wy_images/B86051_2022_23.png,27.190347628805103,152.3,0.6206,0.4238594484026661,100.1,0.1284667323999999,-3.53,11.98
B86051,2023-24,0,2023-04-01,2024-03-31,250.0,14769,1.69,53.86000822193248,-1.6881014788635742,195.0,195,14572.0,14572,/content/drive/MyDrive/wy_images/B86051_2023_24.png,24.07353566841489,152.3,0.6956,0.469708742817743,99.04,0.1760765587999999,3.38,11.94
B86052,2019-20,0,2019-04-01,2020-03-31,165.0,10853,1.52,53.88214339263365,-1.731227743608081,47.0,47,11186.0,11186,/content/drive/MyDrive/wy_images/B86052_2019_20.png,21.20027622012749,156.5,0.5738,0.4198765433233739,94.38,0.1763484196999999,1.17,8.43
B86052,2020-21,1,2020-04-01,2021-03-31,159.0,10860,1.46,53.88214339263365,-1.731227743608081,47.0,47,11186.0,11186,/content/drive/MyDrive/wy_images/B86052_2020_21.png,22.885467517852927,156.5,0.5555,0.3958506320386118,86.24,0.1638151888,-3.6,8.44
B86052,2021-22,0,2021-04-01,2022-03-31,156.0,10926,1.43,53.88214339263365,-1.731227743608081,47.0,47,11186.0,11186,/content/drive/MyDrive/wy_images/B86052_2021_22.png,19.918434637230813,156.5,0.5685,0.5215966352562629,102.78,0.1615833125,5.26,8.39
B86052,2022-23,0,2022-04-01,2023-03-31,153.0,11190,1.37,53.88214339263365,-1.731227743608081,47.0,47,11186.0,11186,/content/drive/MyDrive/wy_images/B86052_2022_23.png,21.713526147088103,156.5,0.5542,0.3969518961158354,98.12,0.1255499587,-1.67,8.4
B86052,2023-24,0,2023-04-01,2024-03-31,169.0,11591,1.46,53.88214339263365,-1.731227743608081,47.0,47,11186.0,11186,/content/drive/MyDrive/wy_images/B86052_2023_24.png,20.318719764788828,156.5,0.5847,0.4207024913812917,96.89,0.1735471556999999,3.58,8.47
B86054,2019-20,0,2019-04-01,2020-03-31,326.0,6196,5.26,53.797443739489125,-1.493765713152467,100.0,100,6303.0,6303,/content/drive/MyDrive/wy_images/B86054_2019_20.png,25.396748810357675,57.5,0.4887,0.3728892760284992,109.48,0.1584267255999999,5.88,20.66
B86054,2020-21,1,2020-04-01,2021-03-31,331.0,6207,5.33,53.797443739489125,-1.493765713152467,100.0,100,6303.0,6303,/content/drive/MyDrive/wy_images/B86054_2020_21.png,27.67002596378995,57.5,0.4877,0.3451374212824638,99.12,0.1661121475999999,-0.3,20.49
B86054,2021-22,0,2021-04-01,2022-03-31,336.0,6286,5.35,53.797443739489125,-1.493765713152467,100.0,100,6303.0,6303,/content/drive/MyDrive/wy_images/B86054_2021_22.png,25.50748612844093,57.5,0.4779,0.3905095012640772,121.77,0.1549279494,6.15,20.33
B86054,2022-23,0,2022-04-01,2023-03-31,335.0,6308,5.31,53.797443739489125,-1.493765713152467,100.0,100,6303.0,6303,/content/drive/MyDrive/wy_images/B86054_2022_23.png,27.007733078971835,57.5,0.4539,0.3339045276947828,112.92,0.1320677587,-4.35,20.59
B86054,2023-24,0,2023-04-01,2024-03-31,320.0,6309,5.07,53.797443739489125,-1.493765713152467,100.0,100,6303.0,6303,/content/drive/MyDrive/wy_images/B86054_2023_24.png,25.2185425058372,57.5,0.4771,0.3467893173982992,107.81,0.1819426847,4.04,20.59
B86055,2019-20,0,2019-04-01,2020-03-31,229.0,6760,3.39,53.817304670518425,-1.4549060446595878,73.0,73,6404.0,6404,/content/drive/MyDrive/wy_images/B86055_2019_20.png,21.20304987505059,92.5,0.591,0.4338258883015399,106.01,0.1435049797,4.39,18.01
B86055,2020-21,1,2020-04-01,2021-03-31,229.0,6602,3.47,53.817304670518425,-1.4549060446595878,73.0,73,6404.0,6404,/content/drive/MyDrive/wy_images/B86055_2020_21.png,22.163121296088587,92.5,0.5569,0.3882519099057688,95.6,0.1598605646999999,-1.52,17.98
B86055,2021-22,0,2021-04-01,2022-03-31,211.0,6473,3.26,53.817304670518425,-1.4549060446595878,73.0,73,6404.0,6404,/content/drive/MyDrive/wy_images/B86055_2021_22.png,21.81027594429612,92.5,0.5331,0.4313663985290737,115.12,0.1479670738,6.7,18.0
B86055,2022-23,0,2022-04-01,2023-03-31,207.0,6408,3.23,53.817304670518425,-1.4549060446595878,73.0,73,6404.0,6404,/content/drive/MyDrive/wy_images/B86055_2022_23.png,24.8944086589427,92.5,0.5111,0.3641892898184325,108.06,0.1346289795999999,-6.58,17.96
B86055,2023-24,0,2023-04-01,2024-03-31,208.0,6463,3.22,53.817304670518425,-1.4549060446595878,73.0,73,6404.0,6404,/content/drive/MyDrive/wy_images/B86055_2023_24.png,23.884085249105368,92.5,0.5783,0.3827822983222247,103.9,0.1654756765,4.21,17.86
B86057,2019-20,0,2019-04-01,2020-03-31,408.0,17051,2.39,53.7504395677016,-1.6120207540965934,82.0,82,18552.0,18552,/content/drive/MyDrive/wy_images/B86057_2019_20.png,43.53363963217078,135.9,0.4388,0.3901974764421972,110.68,0.1603488641,7.71,14.56
B86057,2020-21,1,2020-04-01,2021-03-31,415.0,17383,2.39,53.7504395677016,-1.6120207540965934,82.0,82,18552.0,18552,/content/drive/MyDrive/wy_images/B86057_2020_21.png,45.9728394049304,135.9,0.4409,0.347927290278097,100.51,0.1638350332,-4.5,14.61
B86057,2021-22,0,2021-04-01,2022-03-31,410.0,17982,2.28,53.7504395677016,-1.6120207540965934,82.0,82,18552.0,18552,/content/drive/MyDrive/wy_images/B86057_2021_22.png,45.33394378111303,135.9,0.4559,0.4059455527464951,121.91,0.1499841173,5.63,14.56
B86057,2022-23,0,2022-04-01,2023-03-31,399.0,18562,2.15,53.7504395677016,-1.6120207540965934,82.0,82,18552.0,18552,/content/drive/MyDrive/wy_images/B86057_2022_23.png,45.44531835468695,135.9,0.4178,0.3424576786945529,111.68,0.1528367897,-2.33,14.46
B86057,2023-24,0,2023-04-01,2024-03-31,414.0,19249,2.15,53.7504395677016,-1.6120207540965934,82.0,82,18552.0,18552,/content/drive/MyDrive/wy_images/B86057_2023_24.png,41.2503294513584,135.9,0.4495,0.3685392829234659,109.43,0.1788165533,5.66,14.51
B86058,2019-20,0,2019-04-01,2020-03-31,104.0,4207,2.47,53.80579663467689,-1.663079286628279,134.0,134,3126.0,3126,/content/drive/MyDrive/wy_images/B86058_2019_20.png,42.65662921983039,126.8,0.5887,0.4321556377844173,103.01,0.1709843515,8.17,18.59
B86058,2020-21,1,2020-04-01,2021-03-31,106.0,4175,2.54,53.80579663467689,-1.663079286628279,134.0,134,3126.0,3126,/content/drive/MyDrive/wy_images/B86058_2020_21.png,41.68394287780347,126.8,0.5733,0.4024949253045277,95.09,0.1722231168999999,-6.37,18.61
B86058,2021-22,0,2021-04-01,2022-03-31,108.0,4178,2.58,53.80579663467689,-1.663079286628279,134.0,134,3126.0,3126,/content/drive/MyDrive/wy_images/B86058_2021_22.png,43.913623245093184,126.8,0.5677,0.4686258331418065,117.37,0.1588466718999999,7.63,18.65
B86058,2022-23,0,2022-04-01,2023-03-31,74.0,3130,2.36,53.80579663467689,-1.663079286628279,134.0,134,3126.0,3126,/content/drive/MyDrive/wy_images/B86058_2022_23.png,43.94149885682469,126.8,0.5661,0.4053765663065962,105.33,0.1503324863,-0.93,18.48
B86059,2019-20,0,2019-04-01,2020-03-31,311.0,14266,2.18,53.83161326972173,-1.5594084962981871,295.0,295,15668.0,15668,/content/drive/MyDrive/wy_images/B86059_2019_20.png,24.17919028255789,95.9,0.5437,0.4673226706504252,102.66,0.1523516758,4.03,22.25
B86059,2020-21,1,2020-04-01,2021-03-31,306.0,14543,2.1,53.83161326972173,-1.5594084962981871,295.0,295,15668.0,15668,/content/drive/MyDrive/wy_images/B86059_2020_21.png,27.65683254118741,95.9,0.5469,0.4085335233279706,94.7,0.1608989263,-2.25,22.23
B86059,2021-22,0,2021-04-01,2022-03-31,308.0,15389,2.0,53.83161326972173,-1.5594084962981871,295.0,295,15668.0,15668,/content/drive/MyDrive/wy_images/B86059_2021_22.png,25.69659237696077,95.9,0.5313,0.4573195219489772,116.83,0.1467134594,5.05,22.28
B86059,2022-23,0,2022-04-01,2023-03-31,330.0,15721,2.1,53.83161326972173,-1.5594084962981871,295.0,295,15668.0,15668,/content/drive/MyDrive/wy_images/B86059_2022_23.png,30.28090340289862,95.9,0.5315,0.4009164467938405,107.67,0.1290574471,-3.05,22.26
B86059,2023-24,0,2023-04-01,2024-03-31,348.0,15880,2.19,53.83161326972173,-1.5594084962981871,295.0,295,15668.0,15668,/content/drive/MyDrive/wy_images/B86059_2023_24.png,28.70334136244253,95.9,0.5949,0.4289252631578947,103.68,0.1759036823,1.24,22.24
B86060,2019-20,0,2019-04-01,2020-03-31,271.0,9651,2.81,53.79402458042988,-1.5960753145549125,283.0,283,10189.0,10189,/content/drive/MyDrive/wy_images/B86060_2019_20.png,35.12551316372534,77.5,0.4123,0.3723386439898873,108.14,0.1656729173,7.08,20.26
B86060,2020-21,1,2020-04-01,2021-03-31,277.0,9683,2.86,53.79402458042988,-1.5960753145549125,283.0,283,10189.0,10189,/content/drive/MyDrive/wy_images/B86060_2020_21.png,35.448654804206306,77.5,0.4127,0.3278475752700528,100.05,0.1717018471,-4.43,20.12
B86060,2021-22,0,2021-04-01,2022-03-31,261.0,9800,2.66,53.79402458042988,-1.5960753145549125,283.0,283,10189.0,10189,/content/drive/MyDrive/wy_images/B86060_2021_22.png,37.91967671701895,77.5,0.4175,0.4191423672718915,122.34,0.1547206673,5.92,19.96
B86060,2022-23,0,2022-04-01,2023-03-31,249.0,10289,2.42,53.79402458042988,-1.5960753145549125,283.0,283,10189.0,10189,/content/drive/MyDrive/wy_images/B86060_2022_23.png,37.63663420810629,77.5,0.4077,0.32880200413698,111.48,0.1447012613,-1.46,20.02
B86060,2023-24,0,2023-04-01,2024-03-31,263.0,10802,2.43,53.79402458042988,-1.5960753145549125,283.0,283,10189.0,10189,/content/drive/MyDrive/wy_images/B86060_2023_24.png,35.54262309149924,77.5,0.4387,0.3607753711790393,109.09,0.1805719889,2.15,20.11
B86062,2019-20,0,2019-04-01,2020-03-31,335.0,8719,3.84,53.80683807880015,-1.4717906237352696,216.0,216,8401.0,8401,/content/drive/MyDrive/wy_images/B86062_2019_20.png,25.62671597399917,72.2,0.5647,0.4173069271431854,107.76,0.1488211376,5.2,18.95
B86062,2020-21,1,2020-04-01,2021-03-31,316.0,8669,3.65,53.80683807880015,-1.4717906237352696,216.0,216,8401.0,8401,/content/drive/MyDrive/wy_images/B86062_2020_21.png,29.083034243354746,72.2,0.5476,0.3839202712020225,97.47,0.1620175670999999,-0.81,18.92
B86062,2021-22,0,2021-04-01,2022-03-31,300.0,8485,3.54,53.80683807880015,-1.4717906237352696,216.0,216,8401.0,8401,/content/drive/MyDrive/wy_images/B86062_2021_22.png,26.73690780499436,72.2,0.5392,0.4306322224775913,118.54,0.1506934591,6.25,18.85
B86062,2022-23,0,2022-04-01,2023-03-31,303.0,8422,3.6,53.80683807880015,-1.4717906237352696,216.0,216,8401.0,8401,/content/drive/MyDrive/wy_images/B86062_2022_23.png,29.1006906997195,72.2,0.5098,0.3614911928292347,110.43,0.131294514,-5.66,18.88
B86062,2023-24,0,2023-04-01,2024-03-31,310.0,8435,3.68,53.80683807880015,-1.4717906237352696,216.0,216,8401.0,8401,/content/drive/MyDrive/wy_images/B86062_2023_24.png,27.58283236513319,72.2,0.5511,0.3741006665134452,105.7,0.173058351,3.89,18.9
B86064,2019-20,0,2019-04-01,2020-03-31,317.0,16311,1.94,53.72440513960076,-1.561943415834907,64.0,64,14828.0,14828,/content/drive/MyDrive/wy_images/B86064_2019_20.png,21.67455129257637,121.2,0.5653,0.4176373063663525,109.54,0.1525692404,6.78,9.47
B86064,2020-21,1,2020-04-01,2021-03-31,314.0,16206,1.94,53.72440513960076,-1.561943415834907,64.0,64,14828.0,14828,/content/drive/MyDrive/wy_images/B86064_2020_21.png,24.826200198136306,121.2,0.6176,0.4373315789473684,100.8,0.1561008218,-3.66,9.41
B86064,2021-22,0,2021-04-01,2022-03-31,323.0,16276,1.98,53.72440513960076,-1.561943415834907,64.0,64,14828.0,14828,/content/drive/MyDrive/wy_images/B86064_2021_22.png,21.53554522996276,121.2,0.594,0.4732511422661457,120.33,0.1526162653,6.37,9.4
B86064,2022-23,0,2022-04-01,2023-03-31,336.0,16402,2.05,53.72440513960076,-1.561943415834907,64.0,64,14828.0,14828,/content/drive/MyDrive/wy_images/B86064_2022_23.png,24.06088561026778,121.2,0.5734,0.425070838887612,111.69,0.1513075202,-4.03,9.3
B86064,2023-24,0,2023-04-01,2024-03-31,337.0,16620,2.03,53.72440513960076,-1.561943415834907,64.0,64,14828.0,14828,/content/drive/MyDrive/wy_images/B86064_2023_24.png,25.85899977234118,121.2,0.6188,0.4636334359917261,108.38,0.1682896865,6.44,9.27
B86066,2019-20,0,2019-04-01,2020-03-31,192.0,13753,1.4,53.84210428684116,-1.515119016851918,116.0,116,13945.0,13945,/content/drive/MyDrive/wy_images/B86066_2019_20.png,18.399081808115465,129.3,0.6108,0.4784821466329579,101.18,0.1521659935,3.32,19.05
B86066,2020-21,1,2020-04-01,2021-03-31,191.0,13729,1.39,53.84210428684116,-1.515119016851918,116.0,116,13945.0,13945,/content/drive/MyDrive/wy_images/B86066_2020_21.png,20.49192154882028,129.3,0.5973,0.4054316295104573,92.83,0.1587374273999999,-0.79,19.03
B86066,2021-22,0,2021-04-01,2022-03-31,187.0,13851,1.35,53.84210428684116,-1.515119016851918,116.0,116,13945.0,13945,/content/drive/MyDrive/wy_images/B86066_2021_22.png,19.082890291922737,129.3,0.5866,0.4634498919788553,114.11,0.1385787625,5.32,18.99
B86066,2022-23,0,2022-04-01,2023-03-31,173.0,13955,1.24,53.84210428684116,-1.515119016851918,116.0,116,13945.0,13945,/content/drive/MyDrive/wy_images/B86066_2022_23.png,21.103055301865897,129.3,0.5702,0.3887658331418064,105.97,0.1153301448,-4.95,18.97
B86066,2023-24,0,2023-04-01,2024-03-31,162.0,14146,1.15,53.84210428684116,-1.515119016851918,116.0,116,13945.0,13945,/content/drive/MyDrive/wy_images/B86066_2023_24.png,20.494258303746538,129.3,0.6133,0.4242081820271202,102.28,0.15966362,3.32,19.05
B86067,2019-20,0,2019-04-01,2020-03-31,402.0,16065,2.5,53.7449021761968,-1.5991851748670214,103.0,103,15040.0,15040,/content/drive/MyDrive/wy_images/B86067_2019_20.png,28.255491674166738,132.4,0.4509,0.3822867294874741,111.35,0.1584607897,7.89,16.76
B86067,2020-21,1,2020-04-01,2021-03-31,426.0,15553,2.74,53.7449021761968,-1.5991851748670214,103.0,103,15040.0,15040,/content/drive/MyDrive/wy_images/B86067_2020_21.png,29.52127030212152,132.4,0.4576,0.346403874971271,100.93,0.1631850537,-4.3,16.71
B86067,2021-22,0,2021-04-01,2022-03-31,429.0,15086,2.84,53.7449021761968,-1.5991851748670214,103.0,103,15040.0,15040,/content/drive/MyDrive/wy_images/B86067_2021_22.png,29.44717406846707,132.4,0.4742,0.4140765525166628,122.45,0.1485085165,5.43,16.63
B86067,2022-23,0,2022-04-01,2023-03-31,434.0,15051,2.88,53.7449021761968,-1.5991851748670214,103.0,103,15040.0,15040,/content/drive/MyDrive/wy_images/B86067_2022_23.png,31.398817384172528,132.4,0.4273,0.3354095886003218,112.01,0.1549940266999999,-2.37,16.5
B86067,2023-24,0,2023-04-01,2024-03-31,519.0,17177,3.02,53.7449021761968,-1.5991851748670214,103.0,103,15040.0,15040,/content/drive/MyDrive/wy_images/B86067_2023_24.png,27.604784198329376,132.4,0.4656,0.3693835853826707,110.03,0.1753456627,6.06,16.54
B86068,2019-20,0,2019-04-01,2020-03-31,188.0,7847,2.4,53.83233052095574,-1.6083861861861863,170.0,170,7659.0,7659,/content/drive/MyDrive/wy_images/B86068_2019_20.png,18.213986906776245,104.9,0.5901,0.4399562583314181,101.86,0.1570641058,6.74,17.49
B86068,2020-21,1,2020-04-01,2021-03-31,184.0,7760,2.37,53.83233052095574,-1.6083861861861863,170.0,170,7659.0,7659,/content/drive/MyDrive/wy_images/B86068_2020_21.png,18.89767041805468,104.9,0.5738,0.4031373293495748,93.39,0.160467766,-4.06,17.36
B86068,2021-22,0,2021-04-01,2022-03-31,177.0,7811,2.27,53.83233052095574,-1.6083861861861863,170.0,170,7659.0,7659,/content/drive/MyDrive/wy_images/B86068_2021_22.png,16.90221418739839,104.9,0.5554,0.4764080992875201,115.19,0.1509681216999999,6.06,17.33
B86068,2022-23,0,2022-04-01,2023-03-31,169.0,7696,2.2,53.83233052095574,-1.6083861861861863,170.0,170,7659.0,7659,/content/drive/MyDrive/wy_images/B86068_2022_23.png,18.66873309013809,104.9,0.5751,0.4010082188002758,105.11,0.1362841723,-4.28,17.27
B86068,2023-24,0,2023-04-01,2024-03-31,177.0,7755,2.28,53.83233052095574,-1.6083861861861863,170.0,170,7659.0,7659,/content/drive/MyDrive/wy_images/B86068_2023_24.png,19.12401359541595,104.9,0.6172,0.4461233371638703,103.6,0.1743344368999999,1.77,17.26
B86069,2019-20,0,2019-04-01,2020-03-31,152.0,12943,1.17,53.81138160943382,-1.583186609049704,237.0,237,13017.0,13017,/content/drive/MyDrive/wy_images/B86069_2019_20.png,23.393217038790155,64.1,0.4295,0.3892981107791312,105.82,0.1594262890999999,7.65,33.47
B86069,2020-21,1,2020-04-01,2021-03-31,161.0,12613,1.28,53.81138160943382,-1.583186609049704,237.0,237,13017.0,13017,/content/drive/MyDrive/wy_images/B86069_2020_21.png,23.799847704546057,64.1,0.4332,0.3490652631578947,98.09,0.1662814776,-3.5,33.09
B86069,2021-22,0,2021-04-01,2022-03-31,151.0,12964,1.16,53.81138160943382,-1.583186609049704,237.0,237,13017.0,13017,/content/drive/MyDrive/wy_images/B86069_2021_22.png,22.953570424352165,64.1,0.4261,0.4136727556883475,121.42,0.1533955186999999,5.43,33.27
B86069,2022-23,0,2022-04-01,2023-03-31,149.0,13570,1.1,53.81138160943382,-1.583186609049704,237.0,237,13017.0,13017,/content/drive/MyDrive/wy_images/B86069_2022_23.png,24.38856419132412,64.1,0.4037,0.3373368007354631,110.64,0.1392717743,-1.62,33.79
B86069,2023-24,0,2023-04-01,2024-03-31,149.0,14520,1.03,53.81138160943382,-1.583186609049704,237.0,237,13017.0,13017,/content/drive/MyDrive/wy_images/B86069_2023_24.png,23.71519750857343,64.1,0.4669,0.3750734497816594,107.74,0.1760129996,1.13,34.06
B86070,2019-20,0,2019-04-01,2020-03-31,148.0,4156,3.56,53.86340438505096,-1.6872707429218574,209.0,209,4415.0,4415,/content/drive/MyDrive/wy_images/B86070_2019_20.png,28.14613467038664,158.1,0.6069,0.4147923741668582,96.17,0.1690647372,2.81,13.83
B86070,2020-21,1,2020-04-01,2021-03-31,151.0,4264,3.54,53.86340438505096,-1.6872707429218574,209.0,209,4415.0,4415,/content/drive/MyDrive/wy_images/B86070_2020_21.png,29.01977851247783,158.1,0.6116,0.4074139048494599,88.52,0.1687437979,-4.83,13.8
B86070,2021-22,0,2021-04-01,2022-03-31,143.0,4359,3.28,53.86340438505096,-1.6872707429218574,209.0,209,4415.0,4415,/content/drive/MyDrive/wy_images/B86070_2021_22.png,28.948158778938406,158.1,0.6117,0.5225694185244771,106.35,0.1603405972,6.2,13.81
B86070,2022-23,0,2022-04-01,2023-03-31,140.0,4425,3.16,53.86340438505096,-1.6872707429218574,209.0,209,4415.0,4415,/content/drive/MyDrive/wy_images/B86070_2022_23.png,30.401126058109707,158.1,0.6001,0.4206474281774305,99.64,0.1300977703,-3.56,13.88
B86070,2023-24,0,2023-04-01,2024-03-31,135.0,4612,2.93,53.86340438505096,-1.6872707429218574,209.0,209,4415.0,4415,/content/drive/MyDrive/wy_images/B86070_2023_24.png,27.20361207923163,158.1,0.6819,0.4650283704895426,98.74,0.1761580808,3.24,13.9
B86071,2019-20,0,2019-04-01,2020-03-31,199.0,8667,2.3,53.78621609048327,-1.6161495544384783,179.0,179,8753.0,8753,/content/drive/MyDrive/wy_images/B86071_2019_20.png,22.086251884428936,93.7,0.4814,0.3961626568604918,108.21,0.16483221,6.19,14.17
B86071,2020-21,1,2020-04-01,2021-03-31,205.0,8748,2.34,53.78621609048327,-1.6161495544384783,179.0,179,8753.0,8753,/content/drive/MyDrive/wy_images/B86071_2020_21.png,24.3517747613646,93.7,0.4903,0.364923465869915,100.05,0.1676416401,-5.17,14.24
B86071,2021-22,0,2021-04-01,2022-03-31,193.0,8793,2.19,53.78621609048327,-1.6161495544384783,179.0,179,8753.0,8753,/content/drive/MyDrive/wy_images/B86071_2021_22.png,22.312879661512383,93.7,0.48,0.4188670512525856,121.54,0.1545540411,5.59,14.24
B86071,2022-23,0,2022-04-01,2023-03-31,197.0,8767,2.25,53.78621609048327,-1.6161495544384783,179.0,179,8753.0,8753,/content/drive/MyDrive/wy_images/B86071_2022_23.png,25.57096285936151,93.7,0.4825,0.3614728384279476,110.64,0.1408618324999999,-2.1,14.24
B86071,2023-24,0,2023-04-01,2024-03-31,188.0,8632,2.18,53.78621609048327,-1.6161495544384783,179.0,179,8753.0,8753,/content/drive/MyDrive/wy_images/B86071_2023_24.png,24.214933609183927,93.7,0.4975,0.3888943139508159,108.91,0.1842219721,2.57,14.19
B86075,2019-20,0,2019-04-01,2020-03-31,318.0,13065,2.43,53.80808139590391,-1.452353848167539,81.0,81,12988.0,12988,/content/drive/MyDrive/wy_images/B86075_2019_20.png,20.37588746880255,86.6,0.6089,0.440855623994484,107.04,0.1489437728,4.63,14.84
B86075,2020-21,1,2020-04-01,2021-03-31,327.0,12979,2.52,53.80808139590391,-1.452353848167539,81.0,81,12988.0,12988,/content/drive/MyDrive/wy_images/B86075_2020_21.png,20.369856082642578,86.6,0.595,0.4090290921627212,96.21,0.1596108556,-1.8,14.81
B86075,2021-22,0,2021-04-01,2022-03-31,312.0,12823,2.43,53.80808139590391,-1.452353848167539,81.0,81,12988.0,12988,/content/drive/MyDrive/wy_images/B86075_2021_22.png,19.952127116944148,86.6,0.5651,0.4316050057458055,115.72,0.1505768905,6.53,14.81
B86075,2022-23,0,2022-04-01,2023-03-31,303.0,12995,2.33,53.80808139590391,-1.452353848167539,81.0,81,12988.0,12988,/content/drive/MyDrive/wy_images/B86075_2022_23.png,21.892527151968142,86.6,0.5465,0.3766519282923465,108.72,0.1377706373,-6.84,14.73
B86075,2023-24,0,2023-04-01,2024-03-31,311.0,13018,2.39,53.80808139590391,-1.452353848167539,81.0,81,12988.0,12988,/content/drive/MyDrive/wy_images/B86075_2023_24.png,20.35090654178917,86.6,0.6172,0.4099651666283613,104.58,0.1682850528,3.88,14.73
B86081,2019-20,0,2019-04-01,2020-03-31,335.0,14572,2.3,53.80817652215146,-1.507283908007045,157.0,157,14762.0,14762,/content/drive/MyDrive/wy_images/B86081_2019_20.png,23.21744542983141,70.4,0.5107,0.4315682969432314,107.87,0.1526365742,6.0,38.44
B86081,2020-21,1,2020-04-01,2021-03-31,333.0,14311,2.33,53.80817652215146,-1.507283908007045,157.0,157,14762.0,14762,/content/drive/MyDrive/wy_images/B86081_2020_21.png,23.41583100389292,70.4,0.4975,0.3611608136060675,98.5,0.1619569057,0.73,38.37
B86081,2021-22,0,2021-04-01,2022-03-31,326.0,14420,2.26,53.80817652215146,-1.507283908007045,157.0,157,14762.0,14762,/content/drive/MyDrive/wy_images/B86081_2021_22.png,23.56040458595534,70.4,0.4926,0.4104607354631119,122.28,0.1496876263,6.09,38.58
B86081,2022-23,0,2022-04-01,2023-03-31,305.0,14769,2.07,53.80817652215146,-1.507283908007045,157.0,157,14762.0,14762,/content/drive/MyDrive/wy_images/B86081_2022_23.png,25.08460713977399,70.4,0.4826,0.3534886738680763,113.57,0.1242734239,-3.53,38.74
B86081,2023-24,0,2023-04-01,2024-03-31,307.0,15250,2.01,53.80817652215146,-1.507283908007045,157.0,157,14762.0,14762,/content/drive/MyDrive/wy_images/B86081_2023_24.png,24.532565282125613,70.4,0.5023,0.3680987772925764,107.72,0.1820848301,4.47,39.09
B86086,2019-20,0,2019-04-01,2020-03-31,97.0,7970,1.22,53.821217232183216,-1.5883760524333284,303.0,303,6637.0,6637,/content/drive/MyDrive/wy_images/B86086_2019_20.png,21.30878539819481,84.6,0.4949,0.4156733854286371,104.18,0.158971654,6.83,27.3
B86086,2020-21,1,2020-04-01,2021-03-31,101.0,7609,1.33,53.821217232183216,-1.5883760524333284,303.0,303,6637.0,6637,/content/drive/MyDrive/wy_images/B86086_2020_21.png,21.868745302738034,84.6,0.4915,0.3764316754769019,96.16,0.1649322197,-3.6,26.98
B86086,2021-22,0,2021-04-01,2022-03-31,96.0,7153,1.34,53.821217232183216,-1.5883760524333284,303.0,303,6637.0,6637,/content/drive/MyDrive/wy_images/B86086_2021_22.png,21.26416113681441,84.6,0.4836,0.4391853734773615,118.92,0.1527776629999999,5.46,26.66
B86086,2022-23,0,2022-04-01,2023-03-31,99.0,7473,1.32,53.821217232183216,-1.5883760524333284,303.0,303,6637.0,6637,/content/drive/MyDrive/wy_images/B86086_2022_23.png,22.13427491343032,84.6,0.4766,0.3659880211445644,108.3,0.1371260233,-2.08,26.8
B86086,2023-24,0,2023-04-01,2024-03-31,94.0,7576,1.24,53.821217232183216,-1.5883760524333284,303.0,303,6637.0,6637,/content/drive/MyDrive/wy_images/B86086_2023_24.png,22.694843302616057,84.6,0.5302,0.4049360606757067,105.94,0.1755578876999999,1.55,26.53
B86089,2019-20,0,2019-04-01,2020-03-31,139.0,5861,2.37,53.756859708485166,-1.3693614575741802,130.0,130,5763.0,5763,/content/drive/MyDrive/wy_images/B86089_2019_20.png,15.59781868646728,45.4,0.5485,0.3991177154677086,109.18,0.1553785312999999,4.17,5.44
B86089,2020-21,1,2020-04-01,2021-03-31,137.0,5938,2.31,53.756859708485166,-1.3693614575741802,130.0,130,5763.0,5763,/content/drive/MyDrive/wy_images/B86089_2020_21.png,34.110852730243614,45.4,0.5641,0.3991360698689956,99.39,0.1539659705,-1.17,5.42
B86089,2021-22,0,2021-04-01,2022-03-31,133.0,5941,2.24,53.756859708485166,-1.3693614575741802,130.0,130,5763.0,5763,/content/drive/MyDrive/wy_images/B86089_2021_22.png,21.98820854349456,45.4,0.553,0.397722780969892,117.97,0.1541856585999999,6.35,5.24
B86089,2022-23,0,2022-04-01,2023-03-31,132.0,5903,2.24,53.756859708485166,-1.3693614575741802,130.0,130,5763.0,5763,/content/drive/MyDrive/wy_images/B86089_2022_23.png,17.552568880251506,45.4,0.5338,0.340640592967134,110.5,0.145554719,-6.0,5.39
B86089,2023-24,0,2023-04-01,2024-03-31,138.0,5929,2.33,53.756859708485166,-1.3693614575741802,130.0,130,5763.0,5763,/content/drive/MyDrive/wy_images/B86089_2023_24.png,16.628572796387672,45.4,0.643,0.4212347690186164,107.3,0.1792097343,6.8,5.42
B86092,2019-20,0,2019-04-01,2020-03-31,203.0,6310,3.22,53.76539590796405,-1.3745378850325378,73.0,73,6454.0,6454,/content/drive/MyDrive/wy_images/B86092_2019_20.png,16.989683161736835,54.1,0.5972,0.4215835026430705,108.23,0.1530916014,4.53,9.75
B86092,2020-21,1,2020-04-01,2021-03-31,211.0,6390,3.3,53.76539590796405,-1.3745378850325378,73.0,73,6454.0,6454,/content/drive/MyDrive/wy_images/B86092_2020_21.png,19.52786654193479,54.1,0.5841,0.4117271891519191,98.21,0.154097168,-1.47,9.66
B86092,2021-22,0,2021-04-01,2022-03-31,213.0,6563,3.25,53.76539590796405,-1.3745378850325378,73.0,73,6454.0,6454,/content/drive/MyDrive/wy_images/B86092_2021_22.png,16.184038488362553,54.1,0.5896,0.4210145162031716,116.23,0.1534189473,6.48,9.56
B86092,2022-23,0,2022-04-01,2023-03-31,212.0,6539,3.24,53.76539590796405,-1.3745378850325378,73.0,73,6454.0,6454,/content/drive/MyDrive/wy_images/B86092_2022_23.png,19.344464676423588,54.1,0.5425,0.3356665502183406,109.28,0.1510827692,-6.5,9.56
B86092,2023-24,0,2023-04-01,2024-03-31,212.0,6672,3.18,53.76539590796405,-1.3745378850325378,73.0,73,6454.0,6454,/content/drive/MyDrive/wy_images/B86092_2023_24.png,19.4875589642026,54.1,0.6589,0.4256948885313721,106.53,0.1797247817,6.93,9.51
B86093,2019-20,0,2019-04-01,2020-03-31,154.0,5610,2.75,53.8267547427176,-1.479721616954474,101.0,101,5733.0,5733,/content/drive/MyDrive/wy_images/B86093_2019_20.png,20.493963320953288,91.1,0.6417,0.4567321811077913,104.48,0.1472241892,4.28,18.02
B86093,2020-21,1,2020-04-01,2021-03-31,148.0,5600,2.64,53.8267547427176,-1.479721616954474,101.0,101,5733.0,5733,/content/drive/MyDrive/wy_images/B86093_2020_21.png,27.813350409191987,91.1,0.619,0.415324651804183,95.29,0.1574172941,-0.59,17.9
B86093,2021-22,0,2021-04-01,2022-03-31,148.0,5665,2.61,53.8267547427176,-1.479721616954474,101.0,101,5733.0,5733,/content/drive/MyDrive/wy_images/B86093_2021_22.png,20.40828923296383,91.1,0.5828,0.4470043484256493,116.04,0.1478595475,5.42,17.8
B86093,2022-23,0,2022-04-01,2023-03-31,143.0,5737,2.49,53.8267547427176,-1.479721616954474,101.0,101,5733.0,5733,/content/drive/MyDrive/wy_images/B86093_2022_23.png,20.429503423270848,91.1,0.5795,0.3923816501953574,108.5,0.1224034257,-5.67,17.8
B86093,2023-24,0,2023-04-01,2024-03-31,136.0,5820,2.34,53.8267547427176,-1.479721616954474,101.0,101,5733.0,5733,/content/drive/MyDrive/wy_images/B86093_2023_24.png,20.744888845291744,91.1,0.6355,0.429310705584923,104.31,0.1681219132,3.88,17.75
B86094,2019-20,0,2019-04-01,2020-03-31,129.0,4946,2.61,53.79985825015277,-1.6471716968832757,143.0,143,4909.0,4909,/content/drive/MyDrive/wy_images/B86094_2019_20.png,24.14976481722717,118.0,0.5775,0.4324125994024362,104.03,0.1742121869,7.74,19.86
B86094,2020-21,1,2020-04-01,2021-03-31,125.0,4910,2.55,53.79985825015277,-1.6471716968832757,143.0,143,4909.0,4909,/content/drive/MyDrive/wy_images/B86094_2020_21.png,23.40225869873553,118.0,0.5621,0.3920329165709032,95.98,0.1711292232,-6.1,19.81
B86094,2021-22,0,2021-04-01,2022-03-31,120.0,4822,2.49,53.79985825015277,-1.6471716968832757,143.0,143,4909.0,4909,/content/drive/MyDrive/wy_images/B86094_2021_22.png,22.62106617223324,118.0,0.5649,0.4919359227763732,118.3,0.1598223569,7.38,19.77
B86094,2022-23,0,2022-04-01,2023-03-31,121.0,4911,2.46,53.79985825015277,-1.6471716968832757,143.0,143,4909.0,4909,/content/drive/MyDrive/wy_images/B86094_2022_23.png,25.09285382956288,118.0,0.5546,0.4011366996092852,106.53,0.1515542366,-1.82,19.89
B86094,2023-24,0,2023-04-01,2024-03-31,118.0,4880,2.42,53.79985825015277,-1.6471716968832757,143.0,143,4909.0,4909,/content/drive/MyDrive/wy_images/B86094_2023_24.png,21.93737245941024,118.0,0.5475,0.4109379498965755,105.3,0.1874528975,2.07,19.98
B86096,2019-20,0,2019-04-01,2020-03-31,227.0,5561,4.08,53.765743839719896,-1.5282352596771056,179.0,179,5141.0,5141,/content/drive/MyDrive/wy_images/B86096_2019_20.png,17.30651665553743,61.8,0.4468,0.3639323282004137,111.58,0.1566415388,6.69,16.49
B86096,2020-21,1,2020-04-01,2021-03-31,227.0,5558,4.08,53.765743839719896,-1.5282352596771056,179.0,179,5141.0,5141,/content/drive/MyDrive/wy_images/B86096_2020_21.png,20.094126162657343,61.8,0.4658,0.3552874051942082,101.56,0.1708847961,-1.47,16.54
B86096,2021-22,0,2021-04-01,2022-03-31,215.0,5468,3.93,53.765743839719896,-1.5282352596771056,179.0,179,5141.0,5141,/content/drive/MyDrive/wy_images/B86096_2021_22.png,18.255037129426327,61.8,0.4813,0.4354594300160882,124.35,0.1524070624,6.9,16.43
B86096,2022-23,0,2022-04-01,2023-03-31,200.0,5372,3.72,53.765743839719896,-1.5282352596771056,179.0,179,5141.0,5141,/content/drive/MyDrive/wy_images/B86096_2022_23.png,20.1026547147366,61.8,0.4453,0.3536538634796598,113.92,0.1427024499,-3.0,16.41
B86096,2023-24,0,2023-04-01,2024-03-31,199.0,5596,3.56,53.765743839719896,-1.5282352596771056,179.0,179,5141.0,5141,/content/drive/MyDrive/wy_images/B86096_2023_24.png,19.234695574821284,61.8,0.4811,0.3712190255113767,110.45,0.1758111909,5.28,16.56
B86100,2019-20,0,2019-04-01,2020-03-31,93.0,6928,1.34,53.82370758439512,-1.531773300932615,132.0,132,7613.0,7613,/content/drive/MyDrive/wy_images/B86100_2019_20.png,19.78372061882894,87.6,0.4375,0.4417182808549759,106.07,0.1560927218,5.59,28.24
B86100,2020-21,1,2020-04-01,2021-03-31,97.0,7064,1.37,53.82370758439512,-1.531773300932615,132.0,132,7613.0,7613,/content/drive/MyDrive/wy_images/B86100_2020_21.png,21.683408433222287,87.6,0.4385,0.3386032544242703,97.06,0.1626588977,-0.05,28.07
B86100,2021-22,0,2021-04-01,2022-03-31,98.0,7385,1.33,53.82370758439512,-1.531773300932615,132.0,132,7613.0,7613,/content/drive/MyDrive/wy_images/B86100_2021_22.png,20.10694721713077,87.6,0.4215,0.3944373431395082,120.81,0.1441157048,6.82,28.11
B86100,2022-23,0,2022-04-01,2023-03-31,99.0,7621,1.3,53.82370758439512,-1.531773300932615,132.0,132,7613.0,7613,/content/drive/MyDrive/wy_images/B86100_2022_23.png,23.01153035035843,87.6,0.4187,0.3388602160422891,112.34,0.1301741616999999,-2.68,28.08
B86100,2023-24,0,2023-04-01,2024-03-31,102.0,7709,1.32,53.82370758439512,-1.531773300932615,132.0,132,7613.0,7613,/content/drive/MyDrive/wy_images/B86100_2023_24.png,22.183981851601565,87.6,0.4558,0.3509374120891749,106.61,0.1762825158,4.37,28.11
B86101,2019-20,0,2019-04-01,2020-03-31,86.0,3395,2.53,53.75765731347599,-1.6309389531521112,48.0,48,3458.0,3458,/content/drive/MyDrive/wy_images/B86101_2019_20.png,25.578496058963623,149.2,0.4083,0.3991727786715697,109.77,0.1640792397,7.42,8.93
B86101,2020-21,1,2020-04-01,2021-03-31,84.0,3415,2.46,53.75765731347599,-1.6309389531521112,48.0,48,3458.0,3458,/content/drive/MyDrive/wy_images/B86101_2020_21.png,25.94314334808217,149.2,0.4086,0.3623354952884394,99.83,0.1656942011,-5.13,8.98
B86101,2021-22,0,2021-04-01,2022-03-31,79.0,3460,2.28,53.75765731347599,-1.6309389531521112,48.0,48,3458.0,3458,/content/drive/MyDrive/wy_images/B86101_2021_22.png,25.552763541923184,149.2,0.4208,0.4043670742358078,120.9,0.1575718861999999,5.74,9.03
B86101,2022-23,0,2022-04-01,2023-03-31,74.0,3458,2.14,53.75765731347599,-1.6309389531521112,48.0,48,3458.0,3458,/content/drive/MyDrive/wy_images/B86101_2022_23.png,26.120513115807256,149.2,0.3943,0.3554893036083659,110.81,0.1483118252,-2.38,9.08
B86101,2023-24,0,2023-04-01,2024-03-31,77.0,3444,2.24,53.75765731347599,-1.6309389531521112,48.0,48,3458.0,3458,/content/drive/MyDrive/wy_images/B86101_2023_24.png,23.77664829156205,149.2,0.4281,0.3812405286141117,108.37,0.1845692814,5.38,9.02
B86104,2019-20,0,2019-04-01,2020-03-31,333.0,13331,2.5,53.78228244468391,-1.5890682406609196,369.0,369,13920.0,13920,/content/drive/MyDrive/wy_images/B86104_2019_20.png,34.20387029440799,98.6,0.5185,0.4171968007354631,107.49,0.1612519367,7.03,19.7
B86104,2020-21,1,2020-04-01,2021-03-31,317.0,14075,2.25,53.78228244468391,-1.5890682406609196,369.0,369,13920.0,13920,/content/drive/MyDrive/wy_images/B86104_2020_21.png,35.78949532147956,98.6,0.52,0.381332300620547,98.64,0.1654180345,-3.99,19.55
B86104,2021-22,0,2021-04-01,2022-03-31,331.0,15081,2.19,53.78228244468391,-1.5890682406609196,369.0,369,13920.0,13920,/content/drive/MyDrive/wy_images/B86104_2021_22.png,36.17895442751656,98.6,0.5197,0.4688093771546771,120.68,0.1500770423,6.04,19.61
B86104,2022-23,0,2022-04-01,2023-03-31,339.0,15778,2.15,53.78228244468391,-1.5890682406609196,369.0,369,13920.0,13920,/content/drive/MyDrive/wy_images/B86104_2022_23.png,36.49785715245558,98.6,0.5181,0.3723753527924615,109.9,0.1464148158999999,-2.44,19.74
B86104,2023-24,0,2023-04-01,2024-03-31,360.0,16532,2.18,53.78228244468391,-1.5890682406609196,369.0,369,13920.0,13920,/content/drive/MyDrive/wy_images/B86104_2023_24.png,34.09154955332221,98.6,0.5483,0.4218955274649506,107.97,0.1752529122,3.64,19.8
B86106,2019-20,0,2019-04-01,2020-03-31,207.0,6893,3.0,53.81386958135641,-1.469347061121965,110.0,110,7166.0,7166,/content/drive/MyDrive/wy_images/B86106_2019_20.png,20.712712296555274,74.1,0.5869,0.4386530958400367,107.28,0.1416549459,5.1,19.26
B86106,2020-21,1,2020-04-01,2021-03-31,201.0,6959,2.89,53.81386958135641,-1.469347061121965,110.0,110,7166.0,7166,/content/drive/MyDrive/wy_images/B86106_2020_21.png,23.83294735263972,74.1,0.5724,0.4103689634566766,97.07,0.1596067401999999,-1.15,19.15
B86106,2021-22,0,2021-04-01,2022-03-31,199.0,7143,2.79,53.81386958135641,-1.469347061121965,110.0,110,7166.0,7166,/content/drive/MyDrive/wy_images/B86106_2021_22.png,21.383502375358468,74.1,0.5656,0.465450521719145,117.57,0.1473659034,6.68,19.14
B86106,2022-23,0,2022-04-01,2023-03-31,206.0,7170,2.87,53.81386958135641,-1.469347061121965,110.0,110,7166.0,7166,/content/drive/MyDrive/wy_images/B86106_2022_23.png,23.860384392793907,74.1,0.5247,0.379203190071248,109.76,0.1301722264,-6.17,19.11
B86106,2023-24,0,2023-04-01,2024-03-31,222.0,7396,3.0,53.81386958135641,-1.469347061121965,110.0,110,7166.0,7166,/content/drive/MyDrive/wy_images/B86106_2023_24.png,21.97131436238305,74.1,0.5654,0.3722835807860262,104.79,0.1646612722,3.43,18.99
B86109,2019-20,0,2019-04-01,2020-03-31,108.0,7224,1.5,53.82013952105432,-1.5896485519125685,370.0,370,6222.0,6222,/content/drive/MyDrive/wy_images/B86109_2019_20.png,21.40321597716858,83.2,0.4958,0.412920225235578,104.13,0.159175942,6.79,25.53
B86109,2020-21,1,2020-04-01,2021-03-31,108.0,7122,1.52,53.82013952105432,-1.5896485519125685,370.0,370,6222.0,6222,/content/drive/MyDrive/wy_images/B86109_2020_21.png,21.88223237482621,83.2,0.4904,0.3753671202022524,96.14,0.1656559462,-3.74,25.68
B86109,2021-22,0,2021-04-01,2022-03-31,106.0,7186,1.48,53.82013952105432,-1.5896485519125685,370.0,370,6222.0,6222,/content/drive/MyDrive/wy_images/B86109_2021_22.png,21.393856661181093,83.2,0.4808,0.4363955044817283,118.95,0.1531410996,5.44,25.94
B86109,2022-23,0,2022-04-01,2023-03-31,111.0,7274,1.53,53.82013952105432,-1.5896485519125685,370.0,370,6222.0,6222,/content/drive/MyDrive/wy_images/B86109_2022_23.png,22.14696559118456,83.2,0.4748,0.3641892898184325,108.24,0.1382495351,-1.92,25.99
B86109,2023-24,0,2023-04-01,2024-03-31,108.0,7590,1.42,53.82013952105432,-1.5896485519125685,370.0,370,6222.0,6222,/content/drive/MyDrive/wy_images/B86109_2023_24.png,22.58836387340981,83.2,0.5215,0.401081636405424,106.13,0.1755940136,1.62,26.38
B86625,2019-20,0,2019-04-01,2020-03-31,78.0,3983,1.96,53.91755727787794,-1.4083271336595415,93.0,93,3883.0,3883,/content/drive/MyDrive/wy_images/B86625_2019_20.png,18.28246930254741,50.6,0.5538,0.3701728246380142,94.95,0.1521835409,3.62,5.55
B86625,2020-21,1,2020-04-01,2021-03-31,76.0,3975,1.91,53.91755727787794,-1.4083271336595415,93.0,93,3883.0,3883,/content/drive/MyDrive/wy_images/B86625_2020_21.png,22.112589728243453,50.6,0.5577,0.3560766444495518,88.1,0.1666028219999999,1.16,5.58
B86625,2021-22,0,2021-04-01,2022-03-31,78.0,4113,1.9,53.91755727787794,-1.4083271336595415,93.0,93,3883.0,3883,/content/drive/MyDrive/wy_images/B86625_2021_22.png,16.61232390150484,50.6,0.5642,0.3803228085497586,101.17,0.1513583107,7.29,5.66
B86625,2022-23,0,2022-04-01,2023-03-31,79.0,4129,1.91,53.91755727787794,-1.4083271336595415,93.0,93,3883.0,3883,/content/drive/MyDrive/wy_images/B86625_2022_23.png,20.074801065889613,50.6,0.5682,0.3501665272351184,97.9,0.1402722311,-9.08,5.72
B86625,2023-24,0,2023-04-01,2024-03-31,89.0,4237,2.1,53.91755727787794,-1.4083271336595415,93.0,93,3883.0,3883,/content/drive/MyDrive/wy_images/B86625_2023_24.png,17.011121739256286,50.6,0.6385,0.4276221006665134,96.65,0.1729205002,5.91,5.74
B86642,2019-20,0,2019-04-01,2020-03-31,65.0,2539,2.56,53.772658509525584,-1.526254848711244,161.0,161,2677.0,2677,/content/drive/MyDrive/wy_images/B86642_2019_20.png,38.44351124304307,52.7,0.4323,0.3553057595954953,111.33,0.158663287,6.51,14.64
B86642,2020-21,1,2020-04-01,2021-03-31,65.0,2786,2.33,53.772658509525584,-1.526254848711244,161.0,161,2677.0,2677,/content/drive/MyDrive/wy_images/B86642_2020_21.png,39.2724416349208,52.7,0.4544,0.3523139921857044,101.11,0.1720671864,-1.71,14.92
B86642,2021-22,0,2021-04-01,2022-03-31,59.0,2971,1.99,53.772658509525584,-1.526254848711244,161.0,161,2677.0,2677,/content/drive/MyDrive/wy_images/B86642_2021_22.png,40.20034588916851,52.7,0.4672,0.4230885635486095,124.13,0.1533267620999999,6.84,14.7
B86642,2022-23,0,2022-04-01,2023-03-31,53.0,2941,1.8,53.772658509525584,-1.526254848711244,161.0,161,2677.0,2677,/content/drive/MyDrive/wy_images/B86642_2022_23.png,40.09265236556829,52.7,0.4362,0.3511393105033326,113.52,0.1423976992999999,-2.62,14.26
B86642,2023-24,0,2023-04-01,2024-03-31,57.0,3012,1.89,53.772658509525584,-1.526254848711244,161.0,161,2677.0,2677,/content/drive/MyDrive/wy_images/B86642_2023_24.png,36.97129759133249,52.7,0.4716,0.3658411859342679,110.16,0.1778814653,4.96,14.0
B86643,2019-20,0,2019-04-01,2020-03-31,72.0,3523,2.04,53.81564272883788,-1.5170231936872307,126.0,126,3485.0,3485,/content/drive/MyDrive/wy_images/B86643_2019_20.png,19.2714741105339,68.0,0.4402,0.4317151321535279,107.58,0.155341892,6.15,45.37
B86643,2020-21,1,2020-04-01,2021-03-31,67.0,3537,1.89,53.81564272883788,-1.5170231936872307,126.0,126,3485.0,3485,/content/drive/MyDrive/wy_images/B86643_2020_21.png,20.480419383965,68.0,0.4373,0.3356665502183406,98.17,0.1635178869,0.62,45.34
B86643,2021-22,0,2021-04-01,2022-03-31,60.0,3474,1.73,53.81564272883788,-1.5170231936872307,126.0,126,3485.0,3485,/content/drive/MyDrive/wy_images/B86643_2021_22.png,20.71718552181936,68.0,0.422,0.3884721627212135,122.46,0.1476647558,6.92,45.05
B86643,2022-23,0,2022-04-01,2023-03-31,62.0,3488,1.78,53.81564272883788,-1.5170231936872307,126.0,126,3485.0,3485,/content/drive/MyDrive/wy_images/B86643_2022_23.png,22.10260967811976,68.0,0.4272,0.3382912296023903,114.0,0.1303073327,-2.78,44.59
B86643,2023-24,0,2023-04-01,2024-03-31,61.0,3708,1.65,53.81564272883788,-1.5170231936872307,126.0,126,3485.0,3485,/content/drive/MyDrive/wy_images/B86643_2023_24.png,21.02809234947277,68.0,0.4489,0.346110204550678,107.84,0.1812282358999999,5.02,44.98
B86648,2019-20,0,2019-04-01,2020-03-31,76.0,2196,3.46,53.79765763588157,-1.4458100132567389,122.0,122,2263.0,2263,/content/drive/MyDrive/wy_images/B86648_2019_20.png,16.272069425992743,79.3,0.5929,0.4331651298552057,108.05,0.1524464552,4.84,13.93
B86648,2020-21,1,2020-04-01,2021-03-31,71.0,2232,3.18,53.79765763588157,-1.4458100132567389,122.0,122,2263.0,2263,/content/drive/MyDrive/wy_images/B86648_2020_21.png,17.779380893871203,79.3,0.5831,0.4013936612273041,96.74,0.1618960229,-1.95,13.96
B86648,2021-22,0,2021-04-01,2022-03-31,65.0,2260,2.88,53.79765763588157,-1.4458100132567389,122.0,122,2263.0,2263,/content/drive/MyDrive/wy_images/B86648_2021_22.png,16.12568047905408,79.3,0.5678,0.4253278005056309,116.28,0.152634919,6.61,13.71
B86648,2022-23,0,2022-04-01,2023-03-31,58.0,2278,2.55,53.79765763588157,-1.4458100132567389,122.0,122,2263.0,2263,/content/drive/MyDrive/wy_images/B86648_2022_23.png,17.618274121374714,79.3,0.5443,0.3692918133762354,109.2,0.1421835062,-6.96,13.83
B86648,2023-24,0,2023-04-01,2024-03-31,54.0,2379,2.27,53.79765763588157,-1.4458100132567389,122.0,122,2263.0,2263,/content/drive/MyDrive/wy_images/B86648_2023_24.png,17.86068684379618,79.3,0.6146,0.4077626384739141,105.06,0.1721942399,3.99,13.72
B86655,2019-20,0,2019-04-01,2020-03-31,33.0,1828,1.81,53.79721369073276,-1.6187414978448278,163.0,163,1856.0,1856,/content/drive/MyDrive/wy_images/B86655_2019_20.png,17.4513323840744,95.4,0.5228,0.4233822339692025,106.14,0.1670698410999999,7.26,19.57
B86655,2020-21,1,2020-04-01,2021-03-31,32.0,1820,1.76,53.79721369073276,-1.6187414978448278,163.0,163,1856.0,1856,/content/drive/MyDrive/wy_images/B86655_2020_21.png,19.41733537769363,95.4,0.5155,0.3785791404274879,98.0,0.1665682371,-4.79,19.52
B86655,2021-22,0,2021-04-01,2022-03-31,28.0,1826,1.53,53.79721369073276,-1.6187414978448278,163.0,163,1856.0,1856,/content/drive/MyDrive/wy_images/B86655_2021_22.png,19.483553958763345,95.4,0.5148,0.4836030245920478,120.04,0.1529269982,6.01,19.42
B86655,2022-23,0,2022-04-01,2023-03-31,29.0,1864,1.56,53.79721369073276,-1.6187414978448278,163.0,163,1856.0,1856,/content/drive/MyDrive/wy_images/B86655_2022_23.png,20.83362186782862,95.4,0.5132,0.371017127097219,109.06,0.1450807992,-2.26,19.49
B86655,2023-24,0,2023-04-01,2024-03-31,31.0,1931,1.61,53.79721369073276,-1.6187414978448278,163.0,163,1856.0,1856,/content/drive/MyDrive/wy_images/B86655_2023_24.png,18.38568527794844,95.4,0.5264,0.4082398529073776,107.27,0.1821160702,2.34,19.34
B86658,2019-20,0,2019-04-01,2020-03-31,241.0,10327,2.33,53.76630775326958,-1.4371361760687098,158.0,158,10246.0,10246,/content/drive/MyDrive/wy_images/B86658_2019_20.png,18.39343001763444,61.7,0.6123,0.4233271707653413,109.4,0.1564717765,5.98,11.27
B86658,2020-21,1,2020-04-01,2021-03-31,230.0,10238,2.25,53.76630775326958,-1.4371361760687098,158.0,158,10246.0,10246,/content/drive/MyDrive/wy_images/B86658_2020_21.png,21.81357538028396,61.7,0.6263,0.4273651390484946,98.72,0.1594274143,-1.48,11.21
B86658,2021-22,0,2021-04-01,2022-03-31,225.0,10274,2.19,53.76630775326958,-1.4371361760687098,158.0,158,10246.0,10246,/content/drive/MyDrive/wy_images/B86658_2021_22.png,16.66160578810575,61.7,0.6154,0.4313847529303608,117.76,0.1486632347,6.11,11.18
B86658,2022-23,0,2022-04-01,2023-03-31,217.0,10382,2.09,53.76630775326958,-1.4371361760687098,158.0,158,10246.0,10246,/content/drive/MyDrive/wy_images/B86658_2022_23.png,17.441469097743326,61.7,0.5935,0.3854069777062744,110.15,0.1514802017,-6.24,11.11
B86658,2023-24,0,2023-04-01,2024-03-31,229.0,10613,2.16,53.76630775326958,-1.4371361760687098,158.0,158,10246.0,10246,/content/drive/MyDrive/wy_images/B86658_2023_24.png,17.35425806302993,61.7,0.6602,0.4358632268444036,107.07,0.1750353345,5.83,11.02
B86667,2019-20,0,2019-04-01,2020-03-31,123.0,7376,1.67,53.769700843228826,-1.5633963815877252,166.0,166,7495.0,7495,/content/drive/MyDrive/wy_images/B86667_2019_20.png,26.12435410600466,66.3,0.4644,0.4328531050333257,110.98,0.1584271114,7.61,23.37
B86667,2020-21,1,2020-04-01,2021-03-31,120.0,7462,1.61,53.769700843228826,-1.5633963815877252,166.0,166,7495.0,7495,/content/drive/MyDrive/wy_images/B86667_2020_21.png,27.092685668115752,66.3,0.4617,0.3359418662376465,102.2,0.1722098634,-2.71,23.22
B86667,2021-22,0,2021-04-01,2022-03-31,118.0,7495,1.57,53.769700843228826,-1.5633963815877252,166.0,166,7495.0,7495,/content/drive/MyDrive/wy_images/B86667_2021_22.png,28.926019079975475,66.3,0.4907,0.5528725350494139,125.22,0.1513404772,7.28,23.1
B86667,2022-23,0,2022-04-01,2023-03-31,119.0,7679,1.55,53.769700843228826,-1.5633963815877252,166.0,166,7495.0,7495,/content/drive/MyDrive/wy_images/B86667_2022_23.png,28.87238670362527,66.3,0.4389,0.3415766674327741,114.0,0.1440210871,-2.03,23.35
B86667,2023-24,0,2023-04-01,2024-03-31,119.0,7914,1.5,53.769700843228826,-1.5633963815877252,166.0,166,7495.0,7495,/content/drive/MyDrive/wy_images/B86667_2023_24.png,27.32987901204267,66.3,0.4897,0.3669608044127787,111.22,0.1742403829,4.64,23.57
B86669,2019-20,0,2019-04-01,2020-03-31,45.0,1792,2.51,53.80235119018404,-1.522959717791411,236.0,236,2445.0,2445,/content/drive/MyDrive/wy_images/B86669_2019_20.png,28.673934161560325,66.7,0.4262,0.4064594759825327,108.19,0.1587333497,6.67,32.47
B86669,2020-21,1,2020-04-01,2021-03-31,42.0,2054,2.04,53.80235119018404,-1.522959717791411,236.0,236,2445.0,2445,/content/drive/MyDrive/wy_images/B86669_2020_21.png,30.409144034159084,66.7,0.4701,0.3549570259710412,98.46,0.1667116458,-1.32,28.67
B86669,2021-22,0,2021-04-01,2022-03-31,50.0,2495,2.0,53.80235119018404,-1.522959717791411,236.0,236,2445.0,2445,/content/drive/MyDrive/wy_images/B86669_2021_22.png,29.60756049010995,66.7,0.4637,0.4281543783038382,121.77,0.1501359577,6.64,28.09
B86669,2022-23,0,2022-04-01,2023-03-31,62.0,2526,2.45,53.80235119018404,-1.522959717791411,236.0,236,2445.0,2445,/content/drive/MyDrive/wy_images/B86669_2022_23.png,30.843103058562185,66.7,0.4756,0.3593070190760745,111.45,0.1376432255,-3.48,24.55
B86669,2023-24,0,2023-04-01,2024-03-31,56.0,2412,2.32,53.80235119018404,-1.522959717791411,236.0,236,2445.0,2445,/content/drive/MyDrive/wy_images/B86669_2023_24.png,28.99623899198105,66.7,0.5169,0.3800658469317398,107.09,0.1777125855,4.07,25.87
B86672,2019-20,0,2019-04-01,2020-03-31,157.0,6017,2.61,53.78413452191867,-1.6100275349428212,210.0,210,6296.0,6296,/content/drive/MyDrive/wy_images/B86672_2019_20.png,32.92956575045041,90.0,0.4395,0.3759361066421512,108.83,0.1650506430999999,6.2,15.09
B86672,2020-21,1,2020-04-01,2021-03-31,158.0,6108,2.59,53.78413452191867,-1.6100275349428212,210.0,210,6296.0,6296,/content/drive/MyDrive/wy_images/B86672_2020_21.png,34.89273331604329,90.0,0.4527,0.3472665318317628,100.59,0.169190021,-5.08,15.05
B86672,2021-22,0,2021-04-01,2022-03-31,155.0,6174,2.51,53.78413452191867,-1.6100275349428212,210.0,210,6296.0,6296,/content/drive/MyDrive/wy_images/B86672_2021_22.png,33.356130807571525,90.0,0.4438,0.3939234199034704,122.05,0.1551643908,5.54,15.02
B86672,2022-23,0,2022-04-01,2023-03-31,156.0,6309,2.47,53.78413452191867,-1.6100275349428212,210.0,210,6296.0,6296,/content/drive/MyDrive/wy_images/B86672_2022_23.png,35.28321962196709,90.0,0.447,0.3462570397609745,111.23,0.1416349620999999,-1.88,15.11
B86672,2023-24,0,2023-04-01,2024-03-31,167.0,6547,2.55,53.78413452191867,-1.6100275349428212,210.0,210,6296.0,6296,/content/drive/MyDrive/wy_images/B86672_2023_24.png,33.88029039042618,90.0,0.4679,0.3747981337623535,109.32,0.1840313088,2.63,15.14
B86673,2019-20,0,2019-04-01,2020-03-31,86.0,3475,2.47,53.884026766085775,-1.3441729524128685,57.0,57,2984.0,2984,/content/drive/MyDrive/wy_images/B86673_2019_20.png,17.027799066607407,44.0,0.5934,0.3966215168926683,97.77,0.1475066032999999,3.81,3.73
B86673,2020-21,1,2020-04-01,2021-03-31,88.0,3445,2.55,53.884026766085775,-1.3441729524128685,57.0,57,2984.0,2984,/content/drive/MyDrive/wy_images/B86673_2020_21.png,25.356171864236952,44.0,0.6283,0.4000721443346357,90.76,0.1615392819999999,1.81,3.68
B86673,2021-22,0,2021-04-01,2022-03-31,84.0,3353,2.51,53.884026766085775,-1.3441729524128685,57.0,57,2984.0,2984,/content/drive/MyDrive/wy_images/B86673_2021_22.png,15.994714121706462,44.0,0.6017,0.3859576097448862,104.1,0.1478927101,6.21,3.63
B86673,2022-23,0,2022-04-01,2023-03-31,83.0,3279,2.53,53.884026766085775,-1.3441729524128685,57.0,57,2984.0,2984,/content/drive/MyDrive/wy_images/B86673_2022_23.png,17.466262313520765,44.0,0.5945,0.365235490691795,99.63,0.1341053886,-7.31,3.67
B86673,2023-24,0,2023-04-01,2024-03-31,85.0,3176,2.68,53.884026766085775,-1.3441729524128685,57.0,57,2984.0,2984,/content/drive/MyDrive/wy_images/B86673_2023_24.png,21.92794131110186,44.0,0.6452,0.4161689542633877,98.55,0.1840488769,6.35,3.61
B86675,2019-20,0,2019-04-01,2020-03-31,144.0,4240,3.4,53.80191159124708,-1.5198993350329295,151.0,151,4707.0,4707,/content/drive/MyDrive/wy_images/B86675_2019_20.png,26.02675844140467,54.3,0.4073,0.4102955458515284,108.51,0.1576805587,6.36,28.86
B86675,2020-21,1,2020-04-01,2021-03-31,143.0,4303,3.32,53.80191159124708,-1.5198993350329295,151.0,151,4707.0,4707,/content/drive/MyDrive/wy_images/B86675_2020_21.png,27.21962288304686,54.3,0.4108,0.3247456814525396,98.9,0.1661117778999999,0.3,28.9
B86675,2021-22,0,2021-04-01,2022-03-31,130.0,4611,2.82,53.80191159124708,-1.5198993350329295,151.0,151,4707.0,4707,/content/drive/MyDrive/wy_images/B86675_2021_22.png,27.80836826462126,54.3,0.3969,0.3793316708802574,123.4,0.1491707882,7.25,28.94
B86675,2022-23,0,2022-04-01,2023-03-31,128.0,4747,2.7,53.80191159124708,-1.5198993350329295,151.0,151,4707.0,4707,/content/drive/MyDrive/wy_images/B86675_2022_23.png,30.23240304764942,54.3,0.3945,0.3284899793151,114.66,0.1345519193,-2.43,28.99
B86675,2023-24,0,2023-04-01,2024-03-31,124.0,4781,2.59,53.80191159124708,-1.5198993350329295,151.0,151,4707.0,4707,/content/drive/MyDrive/wy_images/B86675_2023_24.png,28.57407607751236,54.3,0.4194,0.3335007308664675,108.63,0.1823467718,5.14,29.04
B86678,2019-20,0,2019-04-01,2020-03-31,88.0,2915,3.02,53.75508575009081,-1.6606360588448963,66.0,66,2753.0,2753,/content/drive/MyDrive/wy_images/B86678_2019_20.png,20.770296646319647,169.6,0.4584,0.4341929763272811,107.95,0.1665738679,6.86,8.45
B86678,2020-21,1,2020-04-01,2021-03-31,90.0,2848,3.16,53.75508575009081,-1.6606360588448963,66.0,66,2753.0,2753,/content/drive/MyDrive/wy_images/B86678_2020_21.png,23.59984695123498,169.6,0.4543,0.3843240680303378,98.48,0.1632872558,-5.42,8.4
B86678,2021-22,0,2021-04-01,2022-03-31,84.0,2697,3.11,53.75508575009081,-1.6606360588448963,66.0,66,2753.0,2753,/content/drive/MyDrive/wy_images/B86678_2021_22.png,20.797257681576347,169.6,0.4624,0.4126816180188463,119.39,0.1555926137999999,6.43,8.4
B86678,2022-23,0,2022-04-01,2023-03-31,80.0,2753,2.91,53.75508575009081,-1.6606360588448963,66.0,66,2753.0,2753,/content/drive/MyDrive/wy_images/B86678_2022_23.png,22.954512998581706,169.6,0.4504,0.3940151919099057,109.93,0.145120458,-2.36,8.31
B86678,2023-24,0,2023-04-01,2024-03-31,79.0,2795,2.83,53.75508575009081,-1.6606360588448963,66.0,66,2753.0,2753,/content/drive/MyDrive/wy_images/B86678_2023_24.png,22.702285545889456,169.6,0.4615,0.3951715191909906,106.75,0.1894376813,4.68,8.25
